"","atax","atay","trx","try","ataturk","turkiye"
"1",-0.003,0.6167,-0.0032,0.5409,0.30685,0.26885
"2",-0.0037,0.5966,-0.0039,0.5319,0.29645,0.264
"3",-0.0026,0.6374,-0.0032,0.5218,0.3174,0.2593
"4",-0.0016,0.578,-0.0018,0.5498,0.2882,0.274
"5",2e-04,0.5604,-2e-04,0.5177,0.2803,0.25875
"6",1e-04,0.6558,0.0011,0.5879,0.32795,0.2945
"7",0.0026,0.5471,0.0011,0.5798,0.27485,0.29045
"8",0.0023,0.674,0.0011,0.5718,0.33815,0.28645
"9",0.0056,0.533,0.0011,0.5638,0.2693,0.28245
"10",0.0058,0.6883,4e-04,0.5558,0.34705,0.2781
"11",0.0081,0.5206,0.0021,0.2949,0.26435,0.1485
"12",0.0087,0.7041,0.0019,0.2869,0.3564,0.1444
"13",0.0121,0.5059,0.0021,0.7534,0.259,0.37775
"14",0.0119,0.6093,0.0021,0.7423,0.3106,0.3722
"15",0.0121,0.5894,0.0021,0.7363,0.30075,0.3692
"16",0.013,0.6314,0.0025,0.5979,0.3222,0.3002
"17",0.0137,0.7172,0.0027,0.5186,0.36545,0.26065
"18",0.0153,0.5727,0.0038,0.761,0.294,0.3824
"19",0.0169,0.492,0.0048,0.3029,0.25445,0.15385
"20",0.0149,0.651,0.0048,0.2808,0.33295,0.1428
"21",0.0179,0.5525,0.0051,0.7312,0.2852,0.36815
"22",0.018,0.6717,0.0054,0.6058,0.34485,0.3056
"23",0.0181,0.7314,0.0057,0.5195,0.37475,0.2626
"24",0.0218,0.4785,0.0064,0.7703,0.25015,0.38835
"25",0.0234,0.5359,0.0071,0.6285,0.27965,0.3178
"26",0.0234,0.5196,0.0078,0.3589,0.2715,0.18335
"27",0.0234,0.6881,0.0069,0.351,0.35575,0.17895
"28",0.0268,0.4657,0.0069,0.3429,0.24625,0.1749
"29",0.0235,0.7466,0.0076,0.3329,0.38505,0.17025
"30",0.0289,0.5079,0.0069,0.3289,0.2684,0.1679
"31",0.0217,0.6091,0.0077,0.3068,0.3154,0.15725
"32",0.0221,0.5917,0.0078,0.2767,0.3069,0.14225
"33",0.0225,0.6314,0.008,0.7271,0.32695,0.36755
"34",0.0288,0.7117,0.0083,0.6107,0.37025,0.3095
"35",0.0246,0.5705,0.0086,0.5214,0.29755,0.265
"36",0.0331,0.4506,0.0091,0.3208,0.24185,0.16495
"37",0.029,0.7611,0.0094,0.7782,0.39505,0.3938
"38",0.0245,0.6513,0.0099,0.6678,0.3379,0.33885
"39",0.0343,0.4928,0.0097,0.6368,0.26355,0.32325
"40",0.0254,0.5565,0.0098,0.6267,0.29095,0.31825
"41",0.026,0.6676,0.0105,0.3619,0.3468,0.1862
"42",0.036,0.7297,0.0099,0.3107,0.38285,0.1603
"43",0.0316,0.5306,0.01,0.2706,0.2811,0.1403
"44",0.0442,0.0735,0.0108,0.2636,0.05885,0.1372
"45",0.0361,0.7738,0.011,0.725,0.40495,0.368
"46",0.0411,0.4355,0.0113,0.6805,0.2383,0.3459
"47",0.0312,0.691,0.0112,0.6568,0.3611,0.334
"48",0.0418,0.47,0.0112,0.6457,0.2559,0.32845
"49",0.0359,0.5133,0.0113,0.6146,0.2746,0.31295
"50",0.0424,0.7438,0.0115,0.5233,0.3931,0.2674
"51",0.0511,0.0956,0.0125,0.7888,0.07335,0.40065
"52",0.0429,0.7873,0.0116,0.7822,0.4151,0.3969
"53",0.037,0.7095,0.0127,0.6326,0.37325,0.32265
"54",0.0486,0.4228,0.0134,0.3598,0.2357,0.1866
"55",0.0538,-0.0451,0.0137,0.2584,0.00435,0.13605
"56",0.0421,0.4931,0.0139,0.7239,0.2676,0.3689
"57",0.046,0.4791,0.014,0.6858,0.26255,0.3499
"58",0.0539,0.0605,0.0144,0.6403,0.0572,0.32735
"59",0.0513,0.4532,0.0142,0.6176,0.25225,0.3159
"60",0.0586,-0.0221,0.0145,0.5232,0.01825,0.26885
"61",0.0493,0.7584,0.0152,0.8001,0.40385,0.40765
"62",0.0507,0.8015,0.0145,0.7941,0.4261,0.4043
"63",0.0525,0.7757,0.0164,0.3557,0.4141,0.18605
"64",0.0607,0.1082,0.0167,0.2584,0.08445,0.13755
"65",0.0642,-0.0579,0.0166,0.8322,0.00315,0.4244
"66",0.0574,0.4081,0.0166,0.8241,0.23275,0.42035
"67",0.0542,0.4626,0.0166,0.8161,0.2584,0.41635
"68",0.0608,0.4361,0.0166,0.8091,0.24845,0.41285
"69",0.066,-0.0074,0.0169,0.7238,0.0293,0.37035
"70",0.069,0.0637,0.017,0.6907,0.06635,0.35385
"71",0.0597,0.8147,0.0171,0.6496,0.4372,0.33335
"72",0.0614,0.7858,0.0171,0.6215,0.4236,0.3193
"73",0.0584,0.4529,0.0174,0.5232,0.25565,0.2703
"74",0.0694,0.421,0.018,0.3185,0.2452,0.16825
"75",0.0681,0.3944,0.018,0.3105,0.23125,0.16425
"76",0.0733,0.1209,0.0184,0.267,0.0971,0.1427
"77",0.0745,0.0066,0.0183,0.8408,0.04055,0.42955
"78",0.0593,0.7707,0.0186,0.3506,0.415,0.1846
"79",0.0771,-0.0485,0.0194,0.3425,0.0143,0.18095
"80",0.0688,0.8285,0.0194,0.3265,0.44865,0.17295
"81",0.0705,0.799,0.0195,0.3044,0.43475,0.16195
"82",0.0766,0.38,0.0198,0.7247,0.2283,0.37225
"83",0.0837,0.0203,0.0199,0.6926,0.052,0.35625
"84",0.084,0.0695,0.02,0.6535,0.07675,0.33675
"85",0.0679,0.7851,0.0201,0.6284,0.4265,0.32425
"86",0.0787,0.4165,0.0203,0.5231,0.2476,0.2717
"87",0.0824,0.4034,0.0201,0.3345,0.2429,0.1773
"88",0.0865,0.1345,0.021,0.2763,0.1105,0.14865
"89",0.0893,-0.0317,0.0207,0.9454,0.0288,0.48305
"90",0.0788,0.8424,0.0209,0.8481,0.4606,0.4345
"91",0.0795,0.8149,0.0215,0.6374,0.4472,0.32945
"92",0.0862,0.3668,0.0224,0.3023,0.2265,0.16235
"93",0.0892,0.0852,0.0221,0.9524,0.0872,0.48725
"94",0.0937,0.0339,0.0222,0.9393,0.0638,0.48075
"95",0.077,0.7983,0.0227,0.7256,0.43765,0.37415
"96",0.0928,0.1067,0.0228,0.6945,0.09975,0.35865
"97",0.0908,0.3909,0.0229,0.6594,0.24085,0.34115
"98",0.0975,-0.0138,0.0233,0.523,0.04185,0.27315
"99",0.09,0.8564,0.024,0.2772,0.4732,0.1506
"100",0.0907,0.83,0.0241,0.856,0.46035,0.44005
"101",0.099,0.1206,0.0231,0.848,0.1098,0.43555
"102",0.1041,0.0444,0.0244,0.6453,0.07425,0.33485
"103",0.1039,0.1454,0.0253,0.3102,0.12465,0.16775
"104",0.102,8e-04,0.0246,0.3042,0.0514,0.1644
"105",0.1004,0.3778,0.025,0.9563,0.2391,0.49065
"106",0.1,0.3612,0.0251,0.9342,0.2306,0.47965
"107",0.1062,0.0742,0.0257,0.7265,0.0902,0.3761
"108",0.1027,0.3483,0.0258,0.6974,0.2255,0.3616
"109",0.1059,0.0167,0.0258,0.6653,0.0613,0.34555
"110",0.1086,0.1366,0.0262,0.5229,0.1226,0.27455
"111",0.1124,0.0594,0.0266,0.4747,0.0859,0.25065
"112",0.1093,0.0317,0.0256,0.4687,0.0705,0.24715
"113",0.1023,0.8705,0.0262,0.2741,0.4864,0.15015
"114",0.103,0.8441,0.0269,0.2661,0.47355,0.1465
"115",0.1147,0.3377,0.0266,0.9271,0.2262,0.47685
"116",0.1184,0.1538,0.0268,0.8629,0.1361,0.44485
"117",0.1124,0.0427,0.0273,0.6502,0.07755,0.33875
"118",0.1138,0.3686,0.0279,0.4606,0.2412,0.24425
"119",0.1198,0.083,0.0281,0.3583,0.1014,0.1932
"120",0.117,0.3563,0.0283,0.3081,0.23665,0.1682
"121",0.1254,0.0758,0.0284,0.256,0.1006,0.1422
"122",0.1161,0.8839,0.028,0.9562,0.5,0.4921
"123",0.1165,0.8581,0.0281,0.9181,0.4873,0.4731
"124",0.1277,0.3236,0.0286,0.7274,0.22565,0.378
"125",0.1338,0.0965,0.0287,0.7014,0.11515,0.36505
"126",0.1295,0.346,0.0288,0.6733,0.23775,0.35105
"127",0.1316,0.1577,0.0292,0.5238,0.14465,0.2765
"128",0.1399,0.0884,0.0293,0.4837,0.11415,0.2565
"129",0.131,0.8972,0.0298,0.3669,0.5141,0.19835
"130",0.1323,0.8756,0.0296,0.3512,0.50395,0.1904
"131",0.1284,0.8658,0.0296,0.911,0.4971,0.4703
"132",0.1413,0.3113,0.0297,0.8638,0.2263,0.44675
"133",0.1429,0.3319,0.0303,0.6552,0.2374,0.34275
"134",0.1487,0.1077,0.0308,0.4565,0.1282,0.24365
"135",0.1478,0.1642,0.0312,0.305,0.156,0.1681
"136",0.1543,0.0892,0.0314,0.2489,0.12175,0.14015
"137",0.146,0.9091,0.0309,0.9621,0.52755,0.4965
"138",0.146,0.8887,0.0315,0.7273,0.51735,0.3794
"139",0.14,0.8773,0.0316,0.7053,0.50865,0.36845
"140",0.1562,0.3036,0.0317,0.6812,0.2299,0.35645
"141",0.1581,0.3241,0.0321,0.5277,0.2411,0.2799
"142",0.1634,0.1159,0.0322,0.4886,0.13965,0.2604
"143",0.1628,0.1703,0.0325,0.3712,0.16655,0.20185
"144",0.164,0.0814,0.0326,0.3441,0.1227,0.18835
"145",0.1706,0.1053,0.0319,0.3401,0.13795,0.186
"146",0.161,0.9199,0.0326,0.9728,0.54045,0.5027
"147",0.161,0.9003,0.0325,0.9059,0.53065,0.4692
"148",0.1541,0.894,0.0318,0.9019,0.52405,0.46685
"149",0.1714,0.307,0.0329,0.8684,0.2392,0.45065
"150",0.1731,0.2884,0.0319,0.8618,0.23075,0.44685
"151",0.1779,0.1747,0.0332,0.6611,0.1763,0.34715
"152",0.1807,0.0896,0.0338,0.4484,0.13515,0.2411
"153",0.1835,0.1125,0.0331,0.4444,0.148,0.23875
"154",0.1851,0.2794,0.0341,0.4263,0.23225,0.2302
"155",0.1759,0.93,0.0331,0.4183,0.55295,0.2257
"156",0.1755,0.9106,0.0339,0.4103,0.54305,0.2221
"157",0.1865,0.3116,0.0341,0.334,0.24905,0.18405
"158",0.1887,0.15,0.0342,0.3019,0.16935,0.16805
"159",0.193,0.175,0.0343,0.2448,0.184,0.13955
"160",0.1937,0.0978,0.0333,0.8958,0.14575,0.46455
"161",0.1926,0.0843,0.0333,0.8878,0.13845,0.46055
"162",0.1957,0.2888,0.0333,0.8798,0.24225,0.45655
"163",0.1922,0.112,0.0345,0.7273,0.1521,0.3809
"164",0.201,0.2677,0.0345,0.7072,0.23435,0.37085
"165",0.1912,0.9396,0.0346,0.6871,0.5654,0.36085
"166",0.1901,0.9209,0.035,0.5306,0.5555,0.2828
"167",0.1921,0.8427,0.0351,0.4965,0.5174,0.2658
"168",0.2,0.1635,0.0345,0.4384,0.18175,0.23645
"169",0.1933,0.822,0.0354,0.4052,0.50765,0.2203
"170",0.2018,0.3194,0.0355,0.3721,0.2606,0.2038
"171",0.203,0.3017,0.0356,0.324,0.25235,0.1798
"172",0.1996,0.8029,0.0353,0.98,0.50125,0.50765
"173",0.2102,0.0896,0.0361,0.671,0.1499,0.35355
"174",0.2001,0.859,0.0354,0.665,0.52955,0.3502
"175",0.2133,0.0261,0.0371,0.2998,0.1197,0.16845
"176",0.2109,0.2821,0.0373,0.2427,0.2465,0.14
"177",0.2047,0.1724,0.0374,0.7272,0.18855,0.3823
"178",0.214,0.0647,0.0375,0.7071,0.13935,0.3723
"179",0.2041,0.7871,0.0375,0.6931,0.4956,0.3653
"180",0.2163,0.2599,0.0376,0.679,0.2381,0.3583
"181",0.2062,0.9478,0.038,0.5285,0.577,0.28325
"182",0.2051,0.9296,0.038,0.5034,0.56735,0.2707
"183",0.2093,0.7717,0.0383,0.4011,0.4905,0.2197
"184",0.2091,0.8321,0.0384,0.372,0.5206,0.2052
"185",0.2096,0.8131,0.0385,0.3199,0.51135,0.1792
"186",0.2168,0.3263,0.0389,0.1694,0.27155,0.10415
"187",0.2166,0.3066,0.039,0.1603,0.2616,0.09965
"188",0.2182,0.2945,0.0382,0.9809,0.25635,0.50955
"189",0.2216,0.041,0.0397,0.5111,0.1313,0.2754
"190",0.2221,0.1018,0.0401,0.3017,0.16195,0.1709
"191",0.2139,0.7577,0.0402,0.2406,0.4858,0.1404
"192",0.2145,0.8626,0.0404,0.7241,0.53855,0.38225
"193",0.2157,0.8459,0.0407,0.7117,0.5308,0.3762
"194",0.2215,0.022,0.0405,0.696,0.12175,0.36825
"195",0.2187,0.742,0.0405,0.6789,0.48035,0.3597
"196",0.2262,0.2739,0.0409,0.5214,0.25005,0.28115
"197",0.2295,0.0788,0.0413,0.4,0.15415,0.22065
"198",0.2263,0.0594,0.0413,0.3729,0.14285,0.2071
"199",0.2193,0.7968,0.0415,0.3178,0.50805,0.17965
"200",0.2223,0.7282,0.0419,0.1743,0.47525,0.1081
"201",0.2318,0.2533,0.0419,0.1582,0.24255,0.10005
"202",0.221,0.9549,0.0412,0.9788,0.58795,0.51
"203",0.2205,0.937,0.043,0.3037,0.57875,0.17335
"204",0.2258,0.7796,0.0432,0.2374,0.5027,0.1403
"205",0.2242,0.8272,0.0426,0.719,0.5257,0.3808
"206",0.2248,0.8094,0.0426,0.713,0.5171,0.3778
"207",0.2317,0.3305,0.0434,0.6989,0.2811,0.37115
"208",0.2317,0.3102,0.0434,0.6788,0.27095,0.3611
"209",0.2319,0.2962,0.0442,0.3959,0.26405,0.22005
"210",0.2346,0.2836,0.0443,0.3799,0.2591,0.2121
"211",0.2263,0.7125,0.0444,0.3177,0.4694,0.18105
"212",0.2373,0.0954,0.0448,0.1752,0.16635,0.11
"213",0.2292,0.7632,0.0441,0.1532,0.4962,0.09865
"214",0.2312,0.6953,0.0449,0.1451,0.46325,0.095
"215",0.2294,0.8767,0.0449,0.1371,0.55305,0.091
"216",0.2292,0.857,0.0449,0.1291,0.5431,0.087
"217",0.2301,0.8436,0.045,0.121,0.53685,0.083
"218",0.2432,0.0765,0.045,0.114,0.15985,0.0795
"219",0.2349,0.7943,0.0441,0.9767,0.5146,0.5104
"220",0.2436,0.2664,0.0459,0.3046,0.255,0.17525
"221",0.2371,0.7383,0.0461,0.2343,0.4877,0.1402
"222",0.2385,0.7187,0.0466,0.0498,0.4786,0.0482
"223",0.2495,0.0831,0.0459,0.0407,0.1663,0.0433
"224",0.24,0.6808,0.0467,0.0347,0.4604,0.0407
"225",0.2458,0.2497,0.0463,0.7018,0.24775,0.37405
"226",0.2362,0.9621,0.0464,0.6767,0.59915,0.36155
"227",0.2351,0.9448,0.0464,0.3898,0.58995,0.2181
"228",0.2393,0.8232,0.0464,0.3838,0.53125,0.2151
"229",0.242,0.8047,0.0474,0.3156,0.52335,0.1815
"230",0.2467,0.3389,0.0478,0.1751,0.2928,0.11145
"231",0.2467,0.3184,0.0479,0.1079,0.28255,0.0779
"232",0.2469,0.3044,0.0481,0.0587,0.27565,0.0534
"233",0.2471,0.2904,0.047,0.9786,0.26875,0.5128
"234",0.2501,0.28,0.0481,0.3055,0.26505,0.1768
"235",0.2524,0.0983,0.0491,0.2302,0.17535,0.13965
"236",0.2436,0.7683,0.0491,0.2062,0.50595,0.12765
"237",0.2461,0.7495,0.0492,0.1951,0.4978,0.12215
"238",0.2468,0.7013,0.0484,0.1911,0.47405,0.11975
"239",0.2444,0.8818,0.0496,0.0366,0.5631,0.0431
"240",0.2442,0.8622,0.0492,0.7057,0.5532,0.37745
"241",0.2444,0.8482,0.0493,0.6776,0.5463,0.36345
"242",0.2461,0.8369,0.0506,0.2131,0.5415,0.13185
"243",0.2477,0.6658,0.0499,0.1851,0.45675,0.1175
"244",0.2552,0.2414,0.05,0.177,0.2483,0.1135
"245",0.2501,0.7896,0.0509,0.1078,0.51985,0.07935
"246",0.2528,0.6296,0.051,0.0657,0.4412,0.05835
"247",0.2526,0.7313,0.05,0.9846,0.49195,0.5173
"248",0.2537,0.7142,0.052,0.2231,0.48395,0.13755
"249",0.2578,0.084,0.0525,0.0415,0.1709,0.047
"250",0.2558,0.6536,0.0522,0.7076,0.4547,0.3799
"251",0.2609,0.2622,0.0523,0.6816,0.26155,0.36695
"252",0.2513,0.9683,0.0528,0.2151,0.6098,0.13395
"253",0.2501,0.9512,0.0538,0.1137,0.60065,0.08375
"254",0.2544,0.816,0.0539,0.0676,0.5352,0.06075
"255",0.2572,0.7975,0.0529,0.9875,0.52735,0.5202
"256",0.2619,0.347,0.0555,0.0425,0.30445,0.049
"257",0.2617,0.3274,0.0556,-0.0137,0.29455,0.02095
"258",0.2619,0.3134,0.0556,-0.0228,0.28765,0.0164
"259",0.2621,0.2994,0.0551,0.7126,0.28075,0.38385
"260",0.2623,0.2854,0.0552,0.6865,0.27385,0.37085
"261",0.2625,0.2762,0.0567,0.1106,0.26935,0.08365
"262",0.2597,0.613,0.056,0.1066,0.43635,0.0813
"263",0.2593,0.6797,0.0569,0.0645,0.4695,0.0607
"264",0.2686,0.0992,0.0558,0.9894,0.1839,0.5226
"265",0.2587,0.7642,0.0583,0.0985,0.51145,0.0784
"266",0.261,0.7457,0.0584,0.0404,0.50335,0.0494
"267",0.2617,0.593,0.0585,-0.0058,0.42735,0.02635
"268",0.2619,0.699,0.0586,-0.0259,0.48045,0.01635
"269",0.259,0.8942,0.058,0.7165,0.5766,0.38725
"270",0.2592,0.8742,0.0581,0.6864,0.5667,0.37225
"271",0.2594,0.8602,0.06,0.0898,0.5598,0.0749
"272",0.2596,0.8462,0.0598,0.0614,0.5529,0.0606
"273",0.2612,0.8335,0.0587,0.9973,0.54735,0.528
"274",0.2633,0.5777,0.0614,0.0393,0.4205,0.05035
"275",0.27,0.2384,0.0615,0.0021,0.2542,0.0318
"276",0.2656,0.7895,0.0615,-0.0239,0.52755,0.0188
"277",0.2685,0.6374,0.061,0.7204,0.45295,0.3907
"278",0.2678,0.7334,0.0611,0.6853,0.5006,0.3732
"279",0.2688,0.7151,0.0627,0.0874,0.49195,0.07505
"280",0.27,0.5626,0.0628,0.0583,0.4163,0.06055
"281",0.2703,0.6644,0.0617,0.9993,0.46735,0.5305
"282",0.2715,0.6489,0.0643,0.0382,0.4602,0.05125
"283",0.2769,0.2567,0.0644,0.0051,0.2668,0.03475
"284",0.2661,0.9733,0.0645,-0.021,0.6197,0.02175
"285",0.2656,0.9565,0.0639,0.7263,0.61105,0.3951
"286",0.2699,0.8201,0.064,0.6872,0.545,0.3756
"287",0.2723,0.8029,0.0656,0.0883,0.5376,0.07695
"288",0.2746,0.5499,0.0659,0.0649,0.41225,0.0654
"289",0.2767,0.3527,0.065,0.0582,0.3147,0.0616
"290",0.2767,0.3324,0.0646,0.9951,0.30455,0.52985
"291",0.277,0.3183,0.0672,0.0381,0.29765,0.05265
"292",0.2772,0.3043,0.0673,0.006,0.29075,0.03665
"293",0.2774,0.2903,0.0674,-0.0141,0.28385,0.02665
"294",0.2776,0.2763,0.0667,-0.0221,0.27695,0.0223
"295",0.2797,0.2674,0.0668,0.7323,0.27355,0.39955
"296",0.2742,0.6115,0.067,0.6801,0.44285,0.37355
"297",0.2711,0.9068,0.0678,0.0842,0.58895,0.076
"298",0.28,0.098,0.0679,0.0762,0.189,0.07205
"299",0.2739,0.7665,0.0679,0.0701,0.5202,0.069
"300",0.2764,0.7483,0.0676,0.992,0.51235,0.5298
"301",0.2764,0.6974,0.0684,0.672,0.4869,0.3702
"302",0.2776,0.6798,0.0702,0.039,0.4787,0.0546
"303",0.2745,0.8797,0.0703,0.0039,0.5771,0.0371
"304",0.2745,0.8594,0.0703,-0.0122,0.56695,0.02905
"305",0.2747,0.8454,0.0697,0.7382,0.56005,0.40395
"306",0.2776,0.8339,0.0705,0.996,0.55575,0.53325
"307",0.2795,0.5918,0.0714,0.6679,0.43565,0.36965
"308",0.286,0.2333,0.0731,0.0399,0.25965,0.0565
"309",0.2804,0.7867,0.0732,0.0018,0.53355,0.0375
"310",0.2838,0.6315,0.0733,-0.0133,0.45765,0.03
"311",0.2896,0.1245,0.0727,0.7441,0.20705,0.4084
"312",0.2826,0.7283,0.0734,0.9949,0.50545,0.53415
"313",0.2851,0.71,0.0744,0.6618,0.49755,0.3681
"314",0.2851,0.6592,0.076,0.0398,0.47215,0.0579
"315",0.2848,0.6442,0.0762,-3e-04,0.4645,0.03795
"316",0.2918,0.2534,0.0762,-0.0164,0.2726,0.0299
"317",0.2814,0.9785,0.0756,0.751,0.62995,0.4133
"318",0.2802,0.9621,0.0764,0.9888,0.62115,0.5326
"319",0.2851,0.8143,0.0757,0.9828,0.5497,0.52925
"320",0.2863,0.7969,0.0764,0.9747,0.5416,0.52555
"321",0.2881,0.5628,0.077,0.758,0.42545,0.4175
"322",0.2915,0.3636,0.0773,0.6627,0.32755,0.37
"323",0.2917,0.3438,0.079,0.0407,0.31775,0.05985
"324",0.2919,0.3297,0.0791,-4e-04,0.3108,0.03935
"325",0.2921,0.3157,0.0791,-0.0165,0.3039,0.0313
"326",0.2923,0.3017,0.0779,0.9696,0.297,0.52375
"327",0.2926,0.2877,0.0787,0.7667,0.29015,0.4227
"328",0.2928,0.2737,0.0802,0.6626,0.28325,0.3714
"329",0.2958,0.2618,0.0819,0.0406,0.2788,0.06125
"330",0.2891,0.6049,0.082,-5e-04,0.447,0.04075
"331",0.2859,0.9132,0.0821,-0.0126,0.59955,0.03475
"332",0.286,0.8939,0.0809,0.9655,0.58995,0.5232
"333",0.2891,0.7592,0.0814,0.7759,0.52415,0.42865
"334",0.2916,0.7407,0.0832,0.6615,0.51615,0.37235
"335",0.2916,0.69,0.0849,0.0355,0.4908,0.0602
"336",0.2928,0.6724,0.085,-6e-04,0.4826,0.0422
"337",0.2897,0.8722,0.085,-0.0106,0.58095,0.0372
"338",0.2898,0.8519,0.0851,-0.0367,0.57085,0.0242
"339",0.29,0.8379,0.0851,-0.0438,0.56395,0.02065
"340",0.2929,0.8262,0.0838,0.9654,0.55955,0.5246
"341",0.2949,0.5822,0.0843,0.7798,0.43855,0.43205
"342",0.3006,0.2304,0.0865,-0.0267,0.2655,0.0299
"343",0.2957,0.7789,0.0861,0.6594,0.5373,0.37275
"344",0.2987,0.5456,0.0878,0.0344,0.42215,0.0611
"345",0.2915,0.6259,0.0879,0.0053,0.4587,0.0466
"346",0.2979,0.7207,0.0872,-0.0027,0.5093,0.04225
"347",0.3004,0.7024,0.0879,-0.0117,0.5014,0.0381
"348",0.3035,0.3785,0.088,-0.0459,0.341,0.02105
"349",0.3001,0.6537,0.0867,0.9704,0.4769,0.52855
"350",0.2962,0.9824,0.0873,0.7798,0.6393,0.43355
"351",0.2957,0.9662,0.0875,0.6895,0.63095,0.3885
"352",0.3001,0.8064,0.0875,0.6814,0.55325,0.38445
"353",0.3028,0.7886,0.0894,-0.0208,0.5457,0.0343
"354",0.3046,0.5257,0.089,0.6744,0.41515,0.3817
"355",0.3067,0.3536,0.0891,0.6583,0.33015,0.3737
"356",0.307,0.3354,0.0908,0.0353,0.3212,0.06305
"357",0.3072,0.3214,0.0908,0.0112,0.3143,0.051
"358",0.3074,0.3074,0.0909,-0.0148,0.3074,0.03805
"359",0.3076,0.2934,0.0912,-0.0403,0.3005,0.02545
"360",0.3078,0.2794,0.0902,-0.0469,0.2936,0.02165
"361",0.308,0.2654,0.0897,0.9683,0.2867,0.529
"362",0.3087,0.2519,0.0902,0.7787,0.2803,0.43445
"363",0.3045,0.5923,0.0904,0.6914,0.4484,0.3909
"364",0.3011,0.9205,0.0905,0.6663,0.6108,0.3784
"365",0.3007,0.9014,0.0917,-0.0229,0.60105,0.0344
"366",0.3009,0.8874,0.0913,0.6593,0.59415,0.3753
"367",0.3071,0.5098,0.0937,0.0372,0.40845,0.06545
"368",0.3046,0.7525,0.0938,0.0142,0.52855,0.054
"369",0.3058,0.7348,0.0939,-0.032,0.5203,0.03095
"370",0.3074,0.5689,0.0926,0.9622,0.43815,0.5274
"371",0.3066,0.6826,0.0931,0.7766,0.4946,0.43485
"372",0.3091,0.6643,0.0934,0.6913,0.4867,0.39235
"373",0.305,0.8654,0.0966,0.0371,0.5852,0.06685
"374",0.305,0.845,0.0967,0.0181,0.575,0.0574
"375",0.3052,0.831,0.0968,-0.0271,0.5681,0.03485
"376",0.3081,0.8197,0.0956,0.9621,0.5639,0.52885
"377",0.3109,0.4964,0.0961,0.7755,0.40365,0.4358
"378",0.3128,0.3945,0.0963,0.6892,0.35365,0.39275
"379",0.3157,0.2387,0.0996,0.037,0.2772,0.0683
"380",0.3161,0.2206,0.0996,0.02,0.26835,0.0598
"381",0.3109,0.7725,0.0997,-0.0071,0.5417,0.0463
"382",0.3143,0.5487,0.0997,-0.0141,0.4315,0.0428
"383",0.3134,0.7148,0.099,-0.0211,0.5141,0.03895
"384",0.3145,0.6972,0.0985,0.972,0.50585,0.53525
"385",0.3188,0.3704,0.0978,0.964,0.3446,0.5309
"386",0.3153,0.6459,0.099,0.7754,0.4806,0.4372
"387",0.3118,0.9867,0.0993,0.6851,0.64925,0.3922
"388",0.3101,0.9709,0.0993,0.669,0.6405,0.38415
"389",0.3153,0.8002,0.1008,0.662,0.55775,0.3814
"390",0.318,0.7824,0.1025,0.0359,0.5502,0.0692
"391",0.3204,0.5314,0.1025,0.0249,0.4259,0.0637
"392",0.3207,0.3467,0.1026,-0.0082,0.3337,0.0472
"393",0.3199,0.3264,0.1014,0.9749,0.32315,0.53815
"394",0.3196,0.3118,0.102,0.7773,0.3157,0.43965
"395",0.3198,0.2978,0.1022,0.679,0.3088,0.3906
"396",0.32,0.2838,0.1023,0.6719,0.3019,0.3871
"397",0.3208,0.2702,0.1038,0.6599,0.2955,0.38185
"398",0.3234,0.2575,0.1056,-0.0093,0.29045,0.04815
"399",0.3195,0.5836,0.1044,0.9698,0.45155,0.5371
"400",0.3159,0.928,0.1049,0.7812,0.62195,0.44305
"401",0.3157,0.9083,0.107,0.0067,0.612,0.05685
"402",0.3159,0.8943,0.107,-3e-04,0.6051,0.05335
"403",0.3165,0.8806,0.1067,0.6578,0.59855,0.38225
"404",0.3226,0.5142,0.1078,-0.0094,0.4184,0.0492
"405",0.3222,0.4797,0.1073,0.9637,0.40095,0.5355
"406",0.3196,0.746,0.1074,0.9356,0.5328,0.5215
"407",0.3221,0.7277,0.1067,0.9256,0.5249,0.51615
"408",0.3229,0.5695,0.1075,0.9186,0.4462,0.51305
"409",0.324,0.4067,0.1078,0.7861,0.36535,0.44695
"410",0.3221,0.6769,0.11,0.0046,0.4995,0.0573
"411",0.3233,0.6592,0.1089,0.9105,0.49125,0.5097
"412",0.3202,0.8592,0.1096,0.6567,0.5897,0.38315
"413",0.3202,0.8389,0.1114,-0.0025,0.57955,0.05445
"414",0.3204,0.8249,0.1103,0.9586,0.57265,0.53445
"415",0.3233,0.8133,0.1103,0.9415,0.5683,0.5259
"416",0.3265,0.4982,0.1107,0.789,0.41235,0.44985
"417",0.3298,0.2398,0.1129,-0.0085,0.2848,0.0522
"418",0.3301,0.2238,0.1118,0.9495,0.27695,0.53065
"419",0.3298,0.384,0.1119,0.9034,0.3569,0.50765
"420",0.3261,0.7661,0.1119,0.8973,0.5461,0.5046
"421",0.3294,0.5521,0.1126,0.6566,0.44075,0.3846
"422",0.3283,0.7078,0.1125,0.9575,0.51805,0.535
"423",0.3308,0.6888,0.1137,0.791,0.5098,0.45235
"424",0.3342,0.3622,0.1159,-0.0066,0.3482,0.05465
"425",0.3363,0.2162,0.1149,0.8912,0.27625,0.50305
"426",0.3302,0.6416,0.1155,0.6565,0.4859,0.386
"427",0.3272,0.4216,0.1166,0.7899,0.3744,0.45325
"428",0.327,0.9899,0.1188,-0.0077,0.65845,0.05555
"429",0.3251,0.9745,0.1181,-0.0117,0.6498,0.0532
"430",0.3308,0.7939,0.1189,-0.0258,0.56235,0.04655
"431",0.332,0.7767,0.1189,-0.0318,0.55435,0.04355
"432",0.3355,0.5357,0.1178,0.8831,0.4356,0.50045
"433",0.3402,0.1032,0.1185,0.6564,0.2217,0.38745
"434",0.336,0.4666,0.1196,-0.0178,0.4013,0.0509
"435",0.3309,0.935,0.1196,0.7868,0.63295,0.4532
"436",0.3307,0.9153,0.1218,-0.0269,0.623,0.04745
"437",0.3309,0.9013,0.1208,0.875,0.6161,0.4979
"438",0.3311,0.8873,0.1214,0.6563,0.6092,0.38885
"439",0.3317,0.8736,0.1225,0.7827,0.60265,0.4526
"440",0.3377,0.5175,0.1247,-0.0259,0.4276,0.0494
"441",0.3395,0.3453,0.1238,0.8669,0.3424,0.49535
"442",0.3348,0.7388,0.1243,0.6562,0.5368,0.39025
"443",0.3373,0.7203,0.1255,0.7785,0.5288,0.452
"444",0.3348,0.5697,0.1277,-0.0291,0.45225,0.0493
"445",0.3401,0.4468,0.1267,0.8588,0.39345,0.49275
"446",0.3373,0.67,0.1273,0.6561,0.50365,0.3917
"447",0.339,0.6525,0.1292,-0.0351,0.49575,0.04705
"448",0.3355,0.8518,0.1284,0.7764,0.59365,0.4524
"449",0.3355,0.8315,0.1307,-0.0442,0.5835,0.04325
"450",0.3357,0.8174,0.1297,0.8526,0.57655,0.49115
"451",0.3386,0.8056,0.1302,0.656,0.5721,0.3931
"452",0.3412,0.4993,0.1314,0.7764,0.42025,0.4539
"453",0.3407,0.4842,0.1336,-0.0453,0.41245,0.04415
"454",0.3477,0.3377,0.1326,0.8475,0.3427,0.49005
"455",0.3459,0.2392,0.1332,0.6569,0.29255,0.39505
"456",0.343,0.3781,0.1353,-0.0377,0.36055,0.0488
"457",0.3414,0.7581,0.1343,0.7733,0.54975,0.4538
"458",0.3427,0.5504,0.1356,0.8434,0.44655,0.4895
"459",0.3498,0.1193,0.1361,0.6578,0.23455,0.39695
"460",0.3432,0.7063,0.138,-0.0314,0.52475,0.0533
"461",0.3436,0.6855,0.1373,0.7691,0.51455,0.4532
"462",0.3494,0.3629,0.1385,0.8403,0.35615,0.4894
"463",0.3507,0.2161,0.139,0.6577,0.2834,0.39835
"464",0.3417,0.9916,0.1409,-0.0315,0.66665,0.0547
"465",0.3406,0.9763,0.1402,0.766,0.65845,0.4531
"466",0.3463,0.7855,0.1415,0.8382,0.5659,0.48985
"467",0.3465,0.7688,0.142,0.6576,0.55765,0.3998
"468",0.3523,0.4385,0.1439,-0.0366,0.3954,0.05365
"469",0.3505,0.5343,0.1439,-0.0526,0.4424,0.04565
"470",0.3523,0.4695,0.1439,-0.0617,0.4109,0.0411
"471",0.3556,0.257,0.1432,0.7629,0.3063,0.45305
"472",0.3458,0.9395,0.1454,-0.0697,0.64265,0.03785
"473",0.3458,0.9192,0.1444,0.8361,0.6325,0.49025
"474",0.346,0.9052,0.1449,0.6796,0.6256,0.41225
"475",0.3462,0.8912,0.1449,0.6576,0.6187,0.40125
"476",0.3464,0.8772,0.1468,-0.0447,0.6118,0.05105
"477",0.3476,0.8636,0.1461,-0.0487,0.6056,0.0487
"478",0.3521,0.5192,0.1472,-0.0868,0.43565,0.0302
"479",0.3506,0.7305,0.147,-0.0969,0.54055,0.02505
"480",0.3509,0.7134,0.1461,0.7608,0.53215,0.45345
"481",0.3531,0.6632,0.1465,0.6883,0.50815,0.4174
"482",0.3509,0.6487,0.1463,0.6726,0.4998,0.40945
"483",0.3507,0.8425,0.1476,-0.0748,0.5966,0.0364
"484",0.3508,0.8221,0.1474,0.833,0.58645,0.4902
"485",0.351,0.8081,0.1479,0.6545,0.57955,0.4012
"486",0.3539,0.796,0.1499,-0.105,0.57495,0.02245
"487",0.3565,0.4972,0.149,0.7617,0.42685,0.45535
"488",0.3574,0.4775,0.1492,0.6935,0.41745,0.42135
"489",0.3594,0.4524,0.1493,0.6715,0.4059,0.4104
"490",0.3595,0.339,0.1503,0.8289,0.34925,0.4896
"491",0.3618,0.2347,0.1508,0.6524,0.29825,0.4016
"492",0.3567,0.7485,0.1529,-0.1121,0.5526,0.0204
"493",0.3649,0.1236,0.152,0.7657,0.24425,0.45885
"494",0.3587,0.6828,0.1522,0.6985,0.52075,0.42535
"495",0.3617,0.3561,0.1522,0.6714,0.3589,0.4118
"496",0.3666,0.2133,0.1533,0.8218,0.28995,0.48755
"497",0.3575,0.9957,0.1538,0.6513,0.6766,0.40255
"498",0.3552,0.9803,0.1558,-0.1162,0.66775,0.0198
"499",0.3679,0.2685,0.1548,0.8147,0.3182,0.48475
"500",0.3615,0.7756,0.1551,0.7803,0.56855,0.4677
"501",0.3618,0.7588,0.1542,0.7716,0.5603,0.4629
"502",0.3668,0.4313,0.1551,0.6994,0.39905,0.42725
"503",0.3608,0.9436,0.1552,0.6713,0.6522,0.41325
"504",0.3609,0.9233,0.1565,0.7923,0.6421,0.4744
"505",0.3611,0.9092,0.1567,0.6502,0.63515,0.40345
"506",0.3613,0.8952,0.1588,-0.1203,0.62825,0.01925
"507",0.3615,0.8812,0.1577,0.8116,0.62135,0.48465
"508",0.3617,0.8672,0.158,0.6993,0.61445,0.42865
"509",0.3629,0.8536,0.1581,0.6682,0.60825,0.41315
"510",0.3669,0.5284,0.1595,0.8042,0.44765,0.48185
"511",0.3671,0.5144,0.1585,0.7976,0.44075,0.47805
"512",0.3739,0.1063,0.1596,0.6561,0.2401,0.40785
"513",0.3659,0.7208,0.1617,-0.1244,0.54335,0.01865
"514",0.3594,0.7114,0.161,0.7002,0.5354,0.4306
"515",0.3706,0.0948,0.1603,0.6631,0.2327,0.4117
"516",0.3671,0.6688,0.1625,0.7714,0.51795,0.46695
"517",0.3673,0.651,0.1623,0.7613,0.50915,0.4618
"518",0.3752,0.2499,0.1647,-0.1285,0.31255,0.0181
"519",0.366,0.8324,0.1637,0.7834,0.5992,0.47355
"520",0.366,0.8121,0.1639,0.7011,0.58905,0.4325
"521",0.3663,0.7981,0.1654,0.792,0.5822,0.4787
"522",0.3692,0.7859,0.1652,0.7532,0.57755,0.4592
"523",0.3719,0.5024,0.1676,-0.1326,0.43715,0.0175
"524",0.371,0.4858,0.1668,0.703,0.4284,0.4349
"525",0.3712,0.4718,0.168,0.8013,0.4215,0.48465
"526",0.3748,0.284,0.1682,0.7451,0.3294,0.45665
"527",0.3726,0.4578,0.1706,-0.1337,0.4152,0.01845
"528",0.3747,0.3355,0.1698,0.7009,0.3551,0.43535
"529",0.3769,0.2331,0.171,0.8052,0.305,0.4881
"530",0.3764,0.3158,0.1712,0.737,0.3461,0.4541
"531",0.3762,0.301,0.1712,0.731,0.3386,0.4511
"532",0.372,0.7382,0.1735,-0.1348,0.5551,0.01935
"533",0.3738,0.6828,0.1727,0.7008,0.5283,0.43675
"534",0.381,0.2159,0.175,-0.1409,0.29845,0.01705
"535",0.3799,0.4205,0.1739,0.8051,0.4002,0.4895
"536",0.3725,0.9975,0.1741,0.7289,0.685,0.4515
"537",0.3703,0.9821,0.1757,0.7017,0.6762,0.4387
"538",0.3764,0.7648,0.178,-0.144,0.5706,0.017
"539",0.3791,0.7466,0.1769,0.804,0.56285,0.49045
"540",0.3822,0.4451,0.1771,0.7258,0.41365,0.45145
"541",0.3814,0.5709,0.1786,0.7026,0.47615,0.4406
"542",0.387,0.2068,0.1809,-0.1451,0.2969,0.0179
"543",0.3761,0.9481,0.1798,0.8019,0.6621,0.49085
"544",0.3759,0.9284,0.18,0.7247,0.65215,0.45235
"545",0.3761,0.9144,0.1815,0.7045,0.64525,0.443
"546",0.3763,0.9004,0.1838,-0.1382,0.63835,0.0228
"547",0.3766,0.8864,0.1827,0.7978,0.6315,0.49025
"548",0.3768,0.8724,0.1829,0.7246,0.6246,0.45375
"549",0.377,0.8584,0.1845,0.7045,0.6177,0.4445
"550",0.3776,0.8446,0.1868,-0.1352,0.6111,0.0258
"551",0.3829,0.5224,0.1857,0.7947,0.45265,0.4902
"552",0.3883,0.1178,0.1859,0.7245,0.25305,0.4552
"553",0.3803,0.7169,0.1874,0.7044,0.5486,0.4459
"554",0.3878,0.2752,0.1897,-0.1353,0.3315,0.0272
"555",0.3834,0.6714,0.1886,0.7916,0.5274,0.4901
"556",0.3825,0.6502,0.1888,0.7224,0.51635,0.4556
"557",0.389,0.2561,0.1904,0.7043,0.32255,0.44735
"558",0.3937,-0.0031,0.1926,-0.1374,0.1953,0.0276
"559",0.3818,0.8235,0.1916,0.7895,0.60265,0.49055
"560",0.3813,0.8045,0.1918,0.7193,0.5929,0.45555
"561",0.3815,0.7905,0.1933,0.7042,0.586,0.44875
"562",0.3824,0.7787,0.1956,-0.1385,0.58055,0.02855
"563",0.3868,0.4952,0.1945,0.7884,0.441,0.49145
"564",0.3803,0.4866,0.1947,0.7172,0.43345,0.45595
"565",0.3812,0.4694,0.1962,0.7041,0.4253,0.45015
"566",0.3904,0.294,0.1985,-0.1326,0.3422,0.03295
"567",0.3893,0.4524,0.1975,0.7883,0.42085,0.4929
"568",0.3896,0.339,0.1977,0.7161,0.3643,0.4569
"569",0.3911,0.2409,0.1992,0.704,0.316,0.4516
"570",0.3909,0.325,0.2014,-0.1277,0.35795,0.03685
"571",0.3912,0.3109,0.2004,0.7882,0.35105,0.4943
"572",0.3872,0.7291,0.2006,0.718,0.55815,0.4593
"573",0.3926,0.402,0.2021,0.7049,0.3973,0.4535
"574",0.3898,0.6805,0.2044,-0.1238,0.53515,0.0403
"575",0.3972,0.227,0.2034,0.7881,0.3121,0.49575
"576",0.3946,0.4282,0.2035,0.7199,0.4114,0.4617
"577",0.3872,0.9993,0.205,0.7078,0.69325,0.4564
"578",0.3856,0.9833,0.2073,-0.1219,0.68445,0.0427
"579",0.3921,0.7571,0.2063,0.787,0.5746,0.49665
"580",0.3923,0.7404,0.2065,0.7158,0.56635,0.46115
"581",0.3956,0.5656,0.2102,-0.1219,0.4806,0.04415
"582",0.4011,0.2098,0.2092,0.7849,0.30545,0.49705
"583",0.3909,0.9534,0.2132,-0.1271,0.67215,0.04305
"584",0.391,0.933,0.2122,0.7828,0.662,0.4975
"585",0.3912,0.919,0.2147,-0.1361,0.6551,0.0393
"586",0.3914,0.905,0.2151,0.7807,0.6482,0.4979
"587",0.3916,0.891,0.2176,-0.1422,0.6413,0.0377
"588",0.3918,0.877,0.2183,0.7823,0.6344,0.5003
"589",0.392,0.863,0.2208,-0.1367,0.6275,0.04205
"590",0.3923,0.849,0.2199,-0.1433,0.62065,0.0383
"591",0.3934,0.8356,0.2195,0.7936,0.6145,0.50655
"592",0.3971,0.5286,0.2234,-0.0933,0.46285,0.06505
"593",0.3974,0.5146,0.2234,-0.1013,0.456,0.06105
"594",0.4037,0.1189,0.2234,-0.1093,0.2613,0.05705
"595",0.3988,0.5509,0.2235,-0.1174,0.47485,0.05305
"596",0.4019,0.1037,0.2227,-0.1254,0.2528,0.04865
"597",0.3986,0.6679,0.2228,-0.1314,0.53325,0.0457
"598",0.3966,0.6466,0.2224,0.7945,0.5216,0.50845
"599",0.4022,0.387,0.2248,-0.0833,0.3946,0.07075
"600",0.4,0.2632,0.2262,-0.0392,0.3316,0.0935
"601",0.4037,0.2492,0.2255,-0.0492,0.32645,0.08815
"602",0.4037,0.0129,0.2262,-0.0593,0.2083,0.08345
"603",0.3968,0.8152,0.2254,0.7904,0.606,0.5079
"604",0.3966,0.7955,0.2277,-0.0693,0.59605,0.0792
"605",0.3968,0.7815,0.227,-0.0773,0.58915,0.07485
"606",0.3985,0.7699,0.2291,-0.0313,0.5842,0.0989
"607",0.3985,0.7188,0.2283,0.7853,0.55865,0.5068
"608",0.4017,0.4963,0.232,-0.0263,0.449,0.10285
"609",0.4035,0.2983,0.2313,0.7832,0.3509,0.50725
"610",0.3974,0.2829,0.235,-0.0254,0.34015,0.1048
"611",0.403,0.4479,0.2342,0.7821,0.42545,0.50815
"612",0.4055,0.334,0.2379,-0.0255,0.36975,0.1062
"613",0.4067,0.3151,0.2372,0.784,0.3609,0.5106
"614",0.4063,0.3078,0.2408,-0.0266,0.35705,0.1071
"615",0.4097,0.03,0.2401,0.7849,0.21985,0.5125
"616",0.4083,0.4093,0.2438,-0.0277,0.4088,0.10805
"617",0.4119,0.2293,0.243,0.7828,0.3206,0.5129
"618",0.4103,0.4366,0.2467,-0.0298,0.42345,0.10845
"619",0.4015,1.0061,0.246,0.7807,0.7038,0.51335
"620",0.4018,0.9869,0.2497,-0.0309,0.69435,0.1094
"621",0.4034,0.6421,0.2489,0.7776,0.52275,0.51325
"622",0.414,0.0451,0.2526,-0.032,0.22955,0.1103
"623",0.4074,0.7476,0.2519,0.7755,0.5775,0.5137
"624",0.4074,0.7294,0.2556,-0.0321,0.5684,0.11175
"625",0.4105,0.5722,0.2548,0.7714,0.49135,0.5131
"626",0.4168,0.209,0.2585,-0.0322,0.3129,0.11315
"627",0.406,0.9573,0.2578,0.7693,0.68165,0.51355
"628",0.406,0.937,0.2614,-0.0343,0.6715,0.11355
"629",0.4063,0.923,0.2607,0.7682,0.66465,0.51445
"630",0.4065,0.909,0.2644,-0.0344,0.65775,0.115
"631",0.4067,0.895,0.2637,0.7682,0.65085,0.51595
"632",0.4069,0.8809,0.2673,-0.0375,0.6439,0.1149
"633",0.4071,0.8669,0.2666,0.7681,0.637,0.51735
"634",0.4073,0.8529,0.2703,-0.0426,0.6301,0.11385
"635",0.4075,0.8389,0.2695,0.771,0.6232,0.52025
"636",0.4087,0.8251,0.2732,-0.0487,0.6169,0.11225
"637",0.4128,0.5263,0.2725,0.7749,0.46955,0.5237
"638",0.4185,0.1194,0.2762,-0.0568,0.26895,0.1097
"639",0.413,0.5546,0.2754,0.7798,0.4838,0.5276
"640",0.4195,0.0624,0.2792,-0.0639,0.24095,0.10765
"641",0.4121,0.6715,0.2783,0.7827,0.5418,0.5305
"642",0.4062,0.6596,0.2797,0.8168,0.5329,0.54825
"643",0.4138,0.4009,0.2797,0.8058,0.40735,0.54275
"644",0.4204,0.2356,0.2798,0.7977,0.328,0.53875
"645",0.4115,0.8099,0.279,0.7917,0.6107,0.53535
"646",0.4117,0.7959,0.2821,-0.068,0.6038,0.10705
"647",0.4119,0.7819,0.2826,0.8207,0.5969,0.55165
"648",0.4121,0.7679,0.2851,-0.0712,0.59,0.10695
"649",0.4142,0.7194,0.2856,0.8216,0.5668,0.5536
"650",0.4171,0.5101,0.288,-0.0743,0.4636,0.10685
"651",0.4154,0.4924,0.2885,0.8205,0.4539,0.5545
"652",0.4208,0.3362,0.291,-0.0784,0.3785,0.1063
"653",0.4218,0.0773,0.2915,0.8194,0.24955,0.55545
"654",0.4218,0.3203,0.2939,-0.0855,0.37105,0.1042
"655",0.4153,0.3113,0.2944,0.8224,0.3633,0.5584
"656",0.4227,0.4178,0.2969,-0.0886,0.42025,0.10415
"657",0.4247,0.0965,0.2973,0.8253,0.2606,0.5613
"658",0.4287,0.2229,0.2998,-0.0897,0.3258,0.10505
"659",0.424,0.4449,0.3002,0.8332,0.43445,0.5667
"660",0.4227,0.4313,0.3028,-0.0898,0.427,0.1065
"661",0.4166,1.006,0.3032,0.8381,0.7113,0.57065
"662",0.416,0.9869,0.3057,-0.0939,0.70145,0.1059
"663",0.4216,0.7538,0.3061,0.84,0.5877,0.57305
"664",0.4219,0.7398,0.3087,-0.102,0.58085,0.10335
"665",0.4265,0.5491,0.3102,-0.1111,0.4878,0.09955
"666",0.4324,0.2088,0.309,0.842,0.3206,0.5755
"667",0.4208,0.964,0.3117,-0.1201,0.6924,0.0958
"668",0.421,0.95,0.3131,-0.1282,0.6855,0.09245
"669",0.4212,0.936,0.312,0.8439,0.6786,0.57795
"670",0.4214,0.922,0.3146,-0.1353,0.6717,0.08965
"671",0.4216,0.9079,0.3149,0.8478,0.66475,0.58135
"672",0.4218,0.8939,0.3176,-0.1424,0.65785,0.0876
"673",0.4221,0.8799,0.3176,-0.1484,0.651,0.0846
"674",0.4223,0.8659,0.3178,0.8527,0.6441,0.58525
"675",0.4225,0.8519,0.3206,-0.1545,0.6372,0.08305
"676",0.4227,0.8379,0.321,0.8593,0.6303,0.59015
"677",0.4229,0.8239,0.3235,-0.1606,0.6234,0.08145
"678",0.4279,0.5296,0.325,-0.1657,0.47875,0.07965
"679",0.428,0.1118,0.3237,0.8646,0.2699,0.59415
"680",0.4279,0.5706,0.328,-0.1698,0.49925,0.0791
"681",0.4218,0.6703,0.3266,0.8725,0.54605,0.59955
"682",0.4266,0.8099,0.3309,-0.1739,0.61825,0.0785
"683",0.4268,0.7958,0.3295,0.8774,0.6113,0.60345
"684",0.427,0.7818,0.3339,-0.177,0.6044,0.07845
"685",0.4273,0.7678,0.3324,0.8813,0.59755,0.60685
"686",0.428,0.7216,0.3368,-0.1801,0.5748,0.07835
"687",0.4311,0.513,0.3354,0.8832,0.47205,0.6093
"688",0.4314,0.4948,0.3398,-0.1832,0.4631,0.0783
"689",0.4359,0.3396,0.3383,0.8852,0.38775,0.61175
"690",0.4324,0.3276,0.3427,-0.1913,0.38,0.0757
"691",0.4275,0.9783,0.3412,0.8861,0.7029,0.61365
"692",0.4383,0.4222,0.3457,-0.1944,0.43025,0.07565
"693",0.4423,0.2293,0.3442,0.888,0.3358,0.6161
"694",0.4392,0.4436,0.3486,-0.1945,0.4414,0.07705
"695",0.4406,0.4268,0.3471,0.8889,0.4337,0.618
"696",0.4318,1.006,0.3515,-0.1886,0.7189,0.08145
"697",0.432,0.992,0.3501,0.8898,0.712,0.61995
"698",0.4368,0.7538,0.3545,-0.1857,0.5953,0.0844
"699",0.437,0.7398,0.353,0.8917,0.5884,0.62235
"700",0.4409,0.5574,0.3574,-0.1848,0.49915,0.0863
"701",0.4475,0.2077,0.3559,0.8946,0.3276,0.62525
"702",0.4359,0.9639,0.3603,-0.1839,0.6999,0.0882
"703",0.4361,0.9499,0.3588,0.9056,0.693,0.6322
"704",0.4363,0.9359,0.3581,0.8976,0.6861,0.62785
"705",0.4365,0.9219,0.3633,-0.183,0.6792,0.09015
"706",0.4368,0.9079,0.3618,0.9095,0.67235,0.63565
"707",0.437,0.8939,0.3662,-0.1801,0.66545,0.09305
"708",0.4372,0.8799,0.3647,0.9094,0.65855,0.63705
"709",0.4374,0.8659,0.3691,-0.1751,0.65165,0.097
"710",0.4376,0.8519,0.3676,0.9113,0.64475,0.63945
"711",0.4378,0.8378,0.3721,-0.1752,0.6378,0.09845
"712",0.438,0.8238,0.3706,0.9122,0.6309,0.6414
"713",0.4424,0.5384,0.375,-0.1773,0.4904,0.09885
"714",0.4423,0.5241,0.3735,0.9151,0.4832,0.6443
"715",0.4439,0.5693,0.378,-0.1784,0.5066,0.0998
"716",0.4417,0.8098,0.3764,0.9231,0.62575,0.64975
"717",0.442,0.7958,0.3809,-0.1785,0.6189,0.1012
"718",0.4422,0.7818,0.3793,0.927,0.612,0.65315
"719",0.4424,0.7678,0.3838,-0.1766,0.6051,0.1036
"720",0.4431,0.7217,0.3823,0.9279,0.5824,0.6551
"721",0.4435,0.494,0.3868,-0.1767,0.46875,0.10505
"722",0.4525,0.1178,0.3852,0.9288,0.28515,0.657
"723",0.4503,0.3451,0.3897,-0.1768,0.3977,0.10645
"724",0.4465,0.6688,0.3882,0.9277,0.55765,0.65795
"725",0.4427,0.9782,0.3926,-0.1749,0.71045,0.10885
"726",0.4564,0.239,0.3911,0.9266,0.3477,0.65885
"727",0.458,0.2205,0.3956,-0.173,0.33925,0.1113
"728",0.4543,0.4434,0.394,0.9265,0.44885,0.66025
"729",0.4546,0.4245,0.3985,-0.17,0.43955,0.11425
"730",0.4469,1.0059,0.397,0.9244,0.7264,0.6607
"731",0.4471,0.9919,0.4014,-0.1661,0.7195,0.11765
"732",0.4535,0.6568,0.3999,0.9233,0.55515,0.6616
"733",0.4527,0.7553,0.4029,-0.1591,0.604,0.1219
"734",0.4521,0.7396,0.4043,-0.1411,0.59585,0.1316
"735",0.4616,0.2077,0.4036,-0.1511,0.33465,0.12625
"736",0.4522,0.9665,0.4029,0.9222,0.70935,0.66255
"737",0.4513,0.9495,0.4072,-0.1392,0.7004,0.134
"738",0.4515,0.9355,0.4058,0.9201,0.6935,0.66295
"739",0.4517,0.9215,0.4094,-0.1393,0.6866,0.13505
"740",0.4519,0.9075,0.4102,-0.1493,0.6797,0.13045
"741",0.4521,0.8934,0.4088,0.92,0.67275,0.6644
"742",0.4523,0.8794,0.4132,-0.1514,0.66585,0.1309
"743",0.4525,0.8654,0.4117,0.92,0.65895,0.66585
"744",0.4528,0.8514,0.4161,-0.1515,0.6521,0.1323
"745",0.453,0.8374,0.4146,0.9199,0.6452,0.66725
"746",0.4532,0.8234,0.419,-0.1336,0.6383,0.1427
"747",0.4578,0.5242,0.4183,-0.1436,0.491,0.13735
"748",0.457,0.5687,0.419,-0.1496,0.51285,0.1347
"749",0.458,0.8113,0.4176,0.9178,0.63465,0.6677
"750",0.4571,0.7949,0.4219,-0.1256,0.626,0.14815
"751",0.4573,0.7808,0.4205,0.9177,0.61905,0.6691
"752",0.4574,0.7669,0.4248,-0.1177,0.61215,0.15355
"753",0.4583,0.7248,0.4235,0.9156,0.59155,0.66955
"754",0.461,0.1192,0.4279,-0.0957,0.2901,0.1661
"755",0.465,0.3524,0.4277,-0.1058,0.4087,0.16095
"756",0.4624,0.6754,0.427,-0.1118,0.5689,0.1576
"757",0.4685,0.2536,0.4264,0.9155,0.36105,0.67095
"758",0.4593,0.9829,0.4306,-0.0908,0.7211,0.1699
"759",0.4718,0.2287,0.4294,0.9144,0.35025,0.6719
"760",0.4706,0.4408,0.4336,-0.0869,0.4557,0.17335
"761",0.4684,0.425,0.4323,0.9133,0.4467,0.6728
"762",0.4621,1.0034,0.4365,-0.084,0.73275,0.17625
"763",0.4674,0.6544,0.4352,0.9132,0.5609,0.6742
"764",0.4724,0.3419,0.4394,-0.078,0.40715,0.1807
"765",0.4681,0.7562,0.4382,0.9131,0.61215,0.67565
"766",0.4764,0.2094,0.4423,-0.0751,0.3429,0.1836
"767",0.4674,0.9656,0.4411,0.911,0.7165,0.67605
"768",0.4664,0.947,0.444,-0.0675,0.7067,0.18825
"769",0.4666,0.933,0.4441,0.9109,0.6998,0.6775
"770",0.4669,0.9189,0.4467,-0.0602,0.6929,0.19325
"771",0.4671,0.9049,0.446,-0.0662,0.686,0.1899
"772",0.4673,0.8909,0.447,0.9108,0.6791,0.6789
"773",0.4675,0.8769,0.4496,-0.0553,0.6722,0.19715
"774",0.4677,0.8629,0.4499,0.9097,0.6653,0.6798
"775",0.4679,0.8489,0.4526,-0.0544,0.6584,0.1991
"776",0.4681,0.8349,0.4529,0.9106,0.6515,0.68175
"777",0.4718,0.5226,0.4555,-0.0545,0.4972,0.2005
"778",0.4779,0.2692,0.4558,0.9115,0.37355,0.68365
"779",0.4687,0.5722,0.4585,-0.0566,0.52045,0.20095
"780",0.4729,0.8229,0.4588,0.9155,0.6479,0.68715
"781",0.4721,0.8064,0.4614,-0.0577,0.63925,0.20185
"782",0.4723,0.7924,0.4617,0.9204,0.63235,0.69105
"783",0.4725,0.7784,0.4644,-0.0598,0.62545,0.2023
"784",0.4744,0.7402,0.4646,0.9243,0.6073,0.69445
"785",0.4733,0.7228,0.4673,-0.0639,0.59805,0.2017
"786",0.4805,0.3623,0.4675,0.9272,0.4214,0.69735
"787",0.4763,0.6814,0.4703,-0.069,0.57885,0.20065
"788",0.4777,0.6634,0.4705,0.9281,0.57055,0.6993
"789",0.4839,0.2459,0.4732,-0.0751,0.3649,0.19905
"790",0.474,0.9919,0.4734,0.924,0.73295,0.6987
"791",0.4866,0.1165,0.4762,-0.0832,0.30155,0.1965
"792",0.4808,0.5164,0.4749,0.9149,0.4986,0.6949
"793",0.4877,0.2245,0.4764,0.9059,0.3561,0.69115
"794",0.4846,0.4488,0.4764,0.8978,0.4667,0.6871
"795",0.4843,0.4313,0.4765,0.8898,0.4578,0.68315
"796",0.488,0.2839,0.4765,0.8828,0.38595,0.67965
"797",0.4772,1.002,0.4791,-0.0873,0.7396,0.1959
"798",0.4878,0.3455,0.478,0.8747,0.41665,0.67635
"799",0.4831,0.7687,0.4821,-0.0934,0.6259,0.19435
"800",0.4919,0.2095,0.4809,0.8676,0.3507,0.67425
"801",0.4893,0.1077,0.485,-0.0995,0.2985,0.19275
"802",0.4823,0.9763,0.4839,0.8645,0.7293,0.6742
"803",0.4814,0.9593,0.488,-0.1016,0.72035,0.1932
"804",0.4816,0.9453,0.4868,0.8634,0.71345,0.6751
"805",0.4818,0.9313,0.4909,-0.0937,0.70655,0.1986
"806",0.482,0.9172,0.4902,-0.1017,0.6996,0.19425
"807",0.4822,0.9032,0.4898,0.8623,0.6927,0.67605
"808",0.4824,0.8892,0.4938,-0.0918,0.6858,0.201
"809",0.4827,0.8752,0.4927,0.8612,0.67895,0.67695
"810",0.4829,0.8612,0.4968,-0.0949,0.67205,0.20095
"811",0.4831,0.8472,0.4957,0.8581,0.66515,0.6769
"812",0.4933,0.2608,0.4997,-0.098,0.37705,0.20085
"813",0.496,0.1352,0.4986,0.856,0.3156,0.6773
"814",0.4879,0.8352,0.5028,-0.066,0.66155,0.2184
"815",0.487,0.8187,0.5026,-0.075,0.65285,0.2138
"816",0.4872,0.8047,0.5027,-0.0981,0.64595,0.2023
"817",0.4874,0.7907,0.5015,0.8549,0.63905,0.6782
"818",0.4893,0.7524,0.5055,-0.0581,0.62085,0.2237
"819",0.4883,0.7347,0.5048,-0.0641,0.6115,0.22035
"820",0.4885,0.7212,0.5056,-0.0781,0.60485,0.21375
"821",0.4953,0.3701,0.5056,-0.0932,0.4327,0.2062
"822",0.4975,0.3514,0.5045,0.8548,0.42445,0.67965
"823",0.4956,0.1565,0.5073,-0.0855,0.32605,0.2109
"824",0.4915,0.6796,0.5087,-0.0495,0.58555,0.2296
"825",0.4918,0.6605,0.5077,-0.0561,0.57615,0.2258
"826",0.4982,0.2989,0.5074,0.8577,0.39855,0.68255
"827",0.4991,0.2403,0.5114,-0.0472,0.3697,0.2321
"828",0.4894,0.9932,0.5103,0.8627,0.7413,0.6865
"829",0.4967,0.4648,0.5133,-0.1466,0.48075,0.18335
"830",0.4963,0.1735,0.5131,-0.1566,0.3349,0.17825
"831",0.4991,0.4413,0.5131,-0.1626,0.4702,0.17525
"832",0.5033,0.2766,0.5143,-0.0483,0.38995,0.233
"833",0.504,0.2188,0.5133,0.8666,0.3614,0.68995
"834",0.5032,0.3435,0.516,-0.1366,0.42335,0.1897
"835",0.498,0.7804,0.5161,-0.1667,0.6392,0.1747
"836",0.4975,0.9773,0.5172,-0.0494,0.7374,0.2339
"837",0.4965,0.957,0.5162,0.8685,0.72675,0.69235
"838",0.4968,0.943,0.5189,-0.1337,0.7199,0.1926
"839",0.497,0.929,0.519,-0.1708,0.713,0.1741
"840",0.4972,0.915,0.5202,-0.0425,0.7061,0.23885
"841",0.4974,0.901,0.5202,-0.0495,0.6992,0.23535
"842",0.4976,0.887,0.5206,-0.203,0.6923,0.1588
"843",0.4978,0.8729,0.5206,-0.21,0.68535,0.1553
"844",0.498,0.8589,0.5191,0.8684,0.67845,0.69375
"845",0.5074,0.3126,0.5216,-0.0325,0.41,0.24455
"846",0.5085,0.2546,0.5219,-0.1268,0.38155,0.19755
"847",0.5108,0.2114,0.5219,-0.1328,0.3611,0.19455
"848",0.5072,0.4794,0.5213,-0.1749,0.4933,0.1732
"849",0.5114,0.1393,0.522,-0.183,0.32535,0.1695
"850",0.5028,0.8465,0.5223,-0.1944,0.67465,0.16395
"851",0.502,0.8302,0.5233,-0.1168,0.6661,0.20325
"852",0.5022,0.8161,0.5236,-0.2171,0.65915,0.15325
"853",0.5024,0.8021,0.5221,0.8653,0.65225,0.6937
"854",0.5043,0.7637,0.5245,-0.0306,0.634,0.24695
"855",0.5033,0.7461,0.5262,-0.1089,0.6247,0.20865
"856",0.5035,0.7321,0.5265,-0.2253,0.6178,0.1506
"857",0.5045,0.7166,0.5243,0.8602,0.61055,0.69225
"858",0.5103,0.3776,0.5251,0.8522,0.44395,0.68865
"859",0.5113,0.3579,0.5251,0.8441,0.4346,0.6846
"860",0.5061,0.6785,0.5251,0.8361,0.5923,0.6806
"861",0.5061,0.6569,0.5251,0.8281,0.5815,0.6766
"862",0.5138,0.2939,0.5275,-0.0317,0.40385,0.2479
"863",0.5146,0.2378,0.5266,0.818,0.3762,0.6723
"864",0.5029,0.9979,0.529,-0.0668,0.7504,0.2311
"865",0.5104,0.4904,0.5291,-0.104,0.5004,0.21255
"866",0.5123,0.4605,0.5295,-0.2294,0.4864,0.15005
"867",0.517,0.3254,0.5304,-0.0368,0.4212,0.2468
"868",0.5117,0.6521,0.5305,-0.0769,0.5819,0.2268
"869",0.5116,0.4484,0.5296,0.8099,0.48,0.66975
"870",0.5185,0.2695,0.532,-0.0639,0.394,0.23405
"871",0.5184,0.3439,0.532,-0.086,0.43115,0.223
"872",0.513,0.79,0.5321,-0.102,0.6515,0.21505
"873",0.512,0.9815,0.5324,-0.2325,0.74675,0.14995
"874",0.5117,0.9523,0.5334,-0.0449,0.732,0.24425
"875",0.512,0.9383,0.5335,-0.0941,0.72515,0.2197
"876",0.5122,0.9243,0.5326,0.8018,0.71825,0.6672
"877",0.5124,0.9103,0.5342,-0.055,0.71135,0.2396
"878",0.5126,0.8963,0.5342,-0.061,0.70445,0.2366
"879",0.5128,0.8823,0.5353,-0.2155,0.69755,0.1599
"880",0.513,0.8683,0.5353,-0.2225,0.69065,0.1564
"881",0.523,0.2164,0.5356,-0.2349,0.3697,0.15035
"882",0.5275,0.1378,0.5355,0.7937,0.33265,0.6646
"883",0.5247,0.1117,0.5383,-0.2106,0.3182,0.16385
"884",0.5178,0.8552,0.5376,-0.2336,0.6865,0.152
"885",0.517,0.8389,0.5385,0.7895,0.67795,0.664
"886",0.5172,0.8249,0.5412,-0.2057,0.67105,0.16775
"887",0.5174,0.8109,0.5414,0.7844,0.66415,0.6629
"888",0.5193,0.7723,0.544,-0.1676,0.6458,0.1882
"889",0.5183,0.7548,0.544,-0.1757,0.63655,0.18415
"890",0.5185,0.7408,0.5441,-0.1987,0.62965,0.1727
"891",0.5187,0.7268,0.5448,-0.1837,0.62275,0.18055
"892",0.5191,0.7097,0.5448,-0.1917,0.6144,0.17655
"893",0.5256,0.385,0.5444,0.7813,0.4553,0.66285
"894",0.5254,0.3653,0.5469,-0.1647,0.44535,0.1911
"895",0.5268,0.3529,0.5473,0.7822,0.43985,0.66475
"896",0.5221,0.6761,0.5499,-0.1638,0.5991,0.19305
"897",0.5278,0.3011,0.5502,0.7892,0.41445,0.6697
"898",0.5292,0.2816,0.5528,-0.1639,0.4054,0.19445
"899",0.5286,0.245,0.5531,0.7971,0.3868,0.6751
"900",0.5314,0.2271,0.5556,-0.0928,0.37925,0.2314
"901",0.5325,0.1288,0.5558,-0.162,0.33065,0.1969
"902",0.5261,0.4859,0.557,-0.0757,0.506,0.24065
"903",0.5263,0.465,0.557,-0.0828,0.49565,0.2371
"904",0.5243,0.4579,0.5571,-0.1018,0.4911,0.22765
"905",0.5318,0.3212,0.5571,-0.1199,0.4265,0.2186
"906",0.5221,0.6523,0.5571,-0.1269,0.5872,0.2151
"907",0.534,0.265,0.5561,0.8,0.3995,0.67805
"908",0.5336,0.3369,0.5584,-0.0517,0.43525,0.25335
"909",0.528,0.7988,0.5577,-0.0597,0.6634,0.249
"910",0.5263,0.9929,0.5577,-0.0677,0.7596,0.245
"911",0.5263,0.9745,0.5588,-0.1112,0.7504,0.2238
"912",0.527,0.9472,0.5586,-0.135,0.7371,0.2118
"913",0.5272,0.9332,0.5587,-0.1591,0.7302,0.1998
"914",0.5274,0.9192,0.5601,-0.1441,0.7233,0.208
"915",0.5276,0.9052,0.5601,-0.1521,0.7164,0.204
"916",0.5278,0.8912,0.559,0.8009,0.7095,0.67995
"917",0.528,0.8772,0.5613,-0.0468,0.7026,0.25725
"918",0.5381,0.217,0.562,0.7988,0.37755,0.6804
"919",0.5333,0.7035,0.5643,-0.0469,0.6184,0.2587
"920",0.5415,0.1501,0.5649,0.7957,0.3458,0.6803
"921",0.5328,0.8645,0.5672,-0.049,0.69865,0.2591
"922",0.532,0.8482,0.5679,0.7886,0.6901,0.67825
"923",0.5322,0.8341,0.5702,-0.0521,0.68315,0.25905
"924",0.5324,0.8201,0.5708,0.7805,0.67625,0.67565
"925",0.5343,0.7816,0.5731,-0.0582,0.65795,0.25745
"926",0.5332,0.7641,0.5738,0.7744,0.64865,0.6741
"927",0.5335,0.7501,0.5753,-0.0603,0.6418,0.2575
"928",0.5337,0.7361,0.5761,-0.0673,0.6349,0.2544
"929",0.5339,0.7221,0.5776,-0.0764,0.628,0.2506
"930",0.5404,0.3919,0.5767,0.7703,0.46615,0.6735
"931",0.5404,0.3715,0.5805,-0.0805,0.45595,0.25
"932",0.5406,0.3575,0.5797,0.7682,0.44905,0.67395
"933",0.543,0.3453,0.5835,-0.0816,0.44415,0.25095
"934",0.5328,0.6756,0.5826,0.7681,0.6042,0.67535
"935",0.5433,0.2948,0.5864,-0.0827,0.41905,0.25185
"936",0.5438,0.2759,0.5856,0.766,0.40985,0.6758
"937",0.5441,0.2388,0.5893,-0.0828,0.39145,0.25325
"938",0.5453,0.2227,0.5885,0.7599,0.384,0.6742
"939",0.5457,0.1268,0.5923,-0.0829,0.33625,0.2547
"940",0.5412,0.4918,0.5915,0.7518,0.5165,0.67165
"941",0.5412,0.4727,0.5915,0.7457,0.50695,0.6686
"942",0.5349,0.4658,0.5952,-0.083,0.50035,0.2561
"943",0.547,0.3146,0.5945,0.7396,0.4308,0.66705
"944",0.5488,0.2586,0.5982,-0.0821,0.4037,0.25805
"945",0.5488,0.332,0.5974,0.7355,0.4404,0.66645
"946",0.543,0.8083,0.6011,-0.0812,0.67565,0.25995
"947",0.5409,0.9703,0.6003,0.7354,0.7556,0.66785
"948",0.5415,0.989,0.6018,0.7424,0.76525,0.6721
"949",0.5422,0.9424,0.604,-0.0792,0.7423,0.2624
"950",0.5424,0.9284,0.6032,0.7504,0.7354,0.6768
"951",0.5426,0.9144,0.607,-0.0753,0.7285,0.26585
"952",0.5428,0.9004,0.6062,0.7513,0.7216,0.67875
"953",0.543,0.8863,0.6099,-0.0714,0.71465,0.26925
"954",0.548,0.7063,0.6091,0.7492,0.62715,0.67915
"955",0.5565,0.1554,0.6106,0.7441,0.35595,0.67735
"956",0.5579,0.1174,0.6128,-0.0675,0.33765,0.27265
"957",0.5478,0.8717,0.6136,0.739,0.70975,0.6763
"958",0.547,0.8561,0.6158,-0.0646,0.70155,0.2756
"959",0.5472,0.8421,0.6165,0.7319,0.69465,0.6742
"960",0.5474,0.8281,0.6187,-0.0647,0.68775,0.277
"961",0.5493,0.7888,0.6195,0.7288,0.66905,0.67415
"962",0.5483,0.772,0.6216,-0.0658,0.66015,0.2779
"963",0.5485,0.758,0.6224,0.7287,0.65325,0.67555
"964",0.5487,0.744,0.6246,-0.0658,0.64635,0.2794
"965",0.5489,0.73,0.6253,0.7286,0.63945,0.67695
"966",0.5472,0.7165,0.6275,-0.0659,0.63185,0.2808
"967",0.5501,0.5755,0.6283,0.7285,0.5628,0.6784
"968",0.5551,0.4003,0.6304,-0.058,0.4777,0.2862
"969",0.5554,0.3805,0.6297,-0.064,0.46795,0.28285
"970",0.5556,0.3665,0.6319,-0.049,0.46105,0.29145
"971",0.5558,0.3525,0.6312,0.7284,0.45415,0.6798
"972",0.5582,0.3398,0.6333,-0.042,0.449,0.29565
"973",0.5583,0.2909,0.6342,0.7253,0.4246,0.67975
"974",0.5586,0.2721,0.6363,-0.0371,0.41535,0.2996
"975",0.5594,0.2324,0.6371,0.7212,0.3959,0.67915
"976",0.554,0.6896,0.6392,-0.0342,0.6218,0.3025
"977",0.5547,0.503,0.6401,0.7171,0.52885,0.6786
"978",0.5501,0.4827,0.6421,-0.0323,0.5164,0.3049
"979",0.5539,0.438,0.643,0.714,0.49595,0.6785
"980",0.5625,0.1309,0.6451,-0.0314,0.3467,0.30685
"981",0.5585,0.4245,0.646,0.7139,0.4915,0.67995
"982",0.5611,0.3149,0.648,-0.0305,0.438,0.30875
"983",0.5638,0.2238,0.6489,0.7148,0.3938,0.68185
"984",0.5639,0.2542,0.6509,-0.0306,0.40905,0.31015
"985",0.5579,0.8109,0.6518,0.7187,0.6844,0.68525
"986",0.5554,0.9731,0.6539,-0.0317,0.76425,0.3111
"987",0.5563,0.9297,0.6548,0.7237,0.743,0.68925
"988",0.5577,0.9152,0.6568,-0.0338,0.73645,0.3115
"989",0.5579,0.9012,0.6577,0.7286,0.72955,0.69315
"990",0.5581,0.8872,0.6598,-0.0369,0.72265,0.31145
"991",0.5632,0.6773,0.6606,0.7315,0.62025,0.69605
"992",0.562,0.522,0.6627,-0.041,0.542,0.31085
"993",0.5693,0.3318,0.6636,0.7334,0.45055,0.6985
"994",0.5716,0.1598,0.6657,-0.0491,0.3657,0.3083
"995",0.5722,0.1182,0.6665,0.7333,0.3452,0.6999
"996",0.5629,0.8737,0.6686,-0.0532,0.7183,0.3077
"997",0.5621,0.8572,0.6694,0.7352,0.70965,0.7023
"998",0.5623,0.8432,0.6716,-0.0603,0.70275,0.30565
"999",0.5624,0.8296,0.6724,0.7362,0.696,0.7043
"1000",0.5643,0.7915,0.6745,-0.0634,0.6779,0.30555
"1001",0.5634,0.7731,0.6753,0.7401,0.66825,0.7077
"1002",0.5636,0.7591,0.6775,-0.0655,0.66135,0.306
"1003",0.5638,0.7451,0.6782,0.744,0.65445,0.7111
"1004",0.564,0.7311,0.6804,-0.0656,0.64755,0.3074
"1005",0.5642,0.7171,0.6811,0.7479,0.64065,0.7145
"1006",0.5648,0.7029,0.6834,-0.0647,0.63385,0.30935
"1007",0.5705,0.4127,0.6841,0.7498,0.4916,0.71695
"1008",0.5703,0.3939,0.6863,-0.0618,0.4821,0.31225
"1009",0.5705,0.3799,0.687,0.7507,0.4752,0.71885
"1010",0.5708,0.3659,0.6892,-0.0619,0.46835,0.31365
"1011",0.571,0.3519,0.69,0.7527,0.46145,0.72135
"1012",0.5734,0.2871,0.6922,-0.064,0.43025,0.3141
"1013",0.5734,0.2666,0.6929,0.7506,0.42,0.72175
"1014",0.5718,0.6926,0.6951,-0.0661,0.6322,0.3145
"1015",0.5762,0.1349,0.6958,0.7495,0.35555,0.72265
"1016",0.5721,0.6647,0.6981,-0.0682,0.6184,0.31495
"1017",0.5699,0.5389,0.6988,0.7453,0.5544,0.72205
"1018",0.5771,0.31,0.701,-0.0693,0.44355,0.31585
"1019",0.5779,0.241,0.7017,0.7422,0.40945,0.72195
"1020",0.5746,0.2263,0.704,-0.0704,0.40045,0.3168
"1021",0.5682,0.9614,0.7047,0.7391,0.7648,0.7219
"1022",0.5739,0.6461,0.7069,-0.0695,0.61,0.3187
"1023",0.5731,0.8179,0.7076,0.738,0.6955,0.7228
"1024",0.5707,0.98,0.7098,-0.0675,0.77535,0.32115
"1025",0.5754,0.6296,0.7106,0.7359,0.6025,0.72325
"1026",0.5729,0.9097,0.7128,-0.0656,0.7413,0.3236
"1027",0.5731,0.8956,0.7135,0.7349,0.73435,0.7242
"1028",0.5842,0.3317,0.7157,-0.0617,0.45795,0.327
"1029",0.5867,0.1635,0.7165,0.7338,0.3751,0.72515
"1030",0.588,0.1258,0.7186,-0.0578,0.3569,0.3304
"1031",0.578,0.8807,0.7194,0.7337,0.72935,0.72655
"1032",0.5771,0.8651,0.7216,-0.0539,0.7211,0.33385
"1033",0.5773,0.8511,0.7223,0.7316,0.7142,0.72695
"1034",0.5775,0.8371,0.7245,-0.05,0.7073,0.33725
"1035",0.5794,0.7977,0.7253,0.7315,0.68855,0.7284
"1036",0.5784,0.7811,0.7274,-0.046,0.67975,0.3407
"1037",0.5786,0.767,0.7282,0.7314,0.6728,0.7298
"1038",0.5788,0.753,0.7303,-0.0421,0.6659,0.3441
"1039",0.579,0.739,0.7312,0.7313,0.659,0.73125
"1040",0.5792,0.725,0.7333,-0.0382,0.6521,0.34755
"1041",0.5795,0.711,0.7341,0.7312,0.64525,0.73265
"1042",0.5808,0.5451,0.7362,-0.0363,0.56295,0.34995
"1043",0.5847,0.4054,0.737,0.7311,0.49505,0.73405
"1044",0.5855,0.3919,0.7391,-0.0344,0.4887,0.35235
"1045",0.5857,0.3779,0.74,0.733,0.4818,0.7365
"1046",0.5859,0.3639,0.7421,-0.0335,0.4749,0.3543
"1047",0.5857,0.3504,0.7429,0.7339,0.46805,0.7384
"1048",0.5877,0.2579,0.745,-0.0315,0.4228,0.35675
"1049",0.5883,0.2846,0.7459,0.7368,0.43645,0.74135
"1050",0.5843,0.6961,0.7479,-0.0296,0.6402,0.35915
"1051",0.5834,0.6802,0.7488,0.7408,0.6318,0.7448
"1052",0.5868,0.6655,0.7509,-0.0287,0.62615,0.3611
"1053",0.5923,0.3069,0.7517,0.7467,0.4496,0.7492
"1054",0.5928,0.2354,0.7538,-0.0258,0.4141,0.364
"1055",0.5823,0.9641,0.7546,0.7506,0.7732,0.7526
"1056",0.5884,0.6508,0.7567,-0.0229,0.6196,0.3669
"1057",0.5882,0.8204,0.7576,0.7585,0.7043,0.75805
"1058",0.5882,0.898,0.7597,-0.019,0.7431,0.37035
"1059",0.5995,0.3289,0.7605,0.7625,0.4642,0.7615
"1060",0.6017,0.1666,0.7626,-0.014,0.38415,0.3743
"1061",0.6036,0.1273,0.7634,0.7684,0.36545,0.7659
"1062",0.5921,0.9516,0.7655,-0.0091,0.77185,0.3782
"1063",0.5931,0.8827,0.7663,0.7723,0.7379,0.7693
"1064",0.5922,0.8672,0.7685,-0.0042,0.7297,0.38215
"1065",0.5924,0.8532,0.7693,0.7762,0.7228,0.77275
"1066",0.5926,0.8391,0.7714,-3e-04,0.71585,0.38555
"1067",0.5945,0.7998,0.7722,0.7801,0.69715,0.77615
"1068",0.5935,0.7831,0.7743,0.0036,0.6883,0.38895
"1069",0.5937,0.7691,0.7751,0.7841,0.6814,0.7796
"1070",0.5939,0.7551,0.7772,0.0066,0.6745,0.3919
"1071",0.5941,0.7411,0.778,0.788,0.6676,0.783
"1072",0.5943,0.7271,0.7802,0.0105,0.6607,0.39535
"1073",0.5946,0.713,0.781,0.7939,0.6538,0.78745
"1074",0.6007,0.3904,0.7831,0.0134,0.49555,0.39825
"1075",0.6009,0.3764,0.7839,0.7978,0.48865,0.79085
"1076",0.6011,0.3623,0.786,0.0153,0.4817,0.40065
"1077",0.6013,0.3483,0.7868,0.8058,0.4748,0.7963
"1078",0.6028,0.2707,0.789,0.0172,0.43675,0.4031
"1079",0.6028,0.2503,0.79,0.8164,0.42655,0.8032
"1080",0.5994,0.6976,0.789,0.8097,0.6485,0.79935
"1081",0.5985,0.6822,0.7919,0.0171,0.64035,0.4045
"1082",0.599,0.6295,0.7926,0.8256,0.61425,0.8091
"1083",0.6061,0.2952,0.7948,0.019,0.45065,0.4069
"1084",0.5993,0.6684,0.7956,0.8336,0.63385,0.8146
"1085",0.6096,0.3104,0.7978,0.019,0.46,0.4084
"1086",0.6076,0.2391,0.7985,0.8375,0.42335,0.818
"1087",0.5976,0.9698,0.8007,0.0179,0.7837,0.4093
"1088",0.5989,0.6576,0.8014,0.8424,0.62825,0.8219
"1089",0.6033,0.8217,0.8037,0.0168,0.7125,0.41025
"1090",0.6149,0.3293,0.8043,0.8453,0.4721,0.8248
"1091",0.6168,0.1691,0.8066,0.0167,0.39295,0.41165
"1092",0.6163,0.1215,0.8073,0.8452,0.3689,0.82625
"1093",0.606,0.9533,0.8095,0.0166,0.77965,0.41305
"1094",0.6071,0.8838,0.8102,0.8431,0.74545,0.82665
"1095",0.6073,0.8698,0.8125,0.0165,0.73855,0.4145
"1096",0.6075,0.8558,0.8132,0.839,0.73165,0.8261
"1097",0.6077,0.8418,0.8154,0.0164,0.72475,0.4159
"1098",0.6096,0.8031,0.8161,0.8409,0.70635,0.8285
"1099",0.6086,0.7857,0.8184,0.0223,0.69715,0.42035
"1100",0.6088,0.7717,0.819,0.8489,0.69025,0.83395
"1101",0.609,0.758,0.8213,0.0292,0.6835,0.42525
"1102",0.6085,0.7436,0.822,0.8528,0.67605,0.8374
"1103",0.6075,0.7298,0.8242,0.0332,0.66865,0.4287
"1104",0.6064,0.7159,0.8249,0.8537,0.66115,0.8393
"1105",0.616,0.3775,0.8271,0.0351,0.49675,0.4311
"1106",0.6162,0.3635,0.8278,0.8536,0.48985,0.8407
"1107",0.6164,0.3495,0.8301,0.036,0.48295,0.43305
"1108",0.6184,0.2708,0.8308,0.8525,0.4446,0.84165
"1109",0.6179,0.2516,0.833,0.0359,0.43475,0.43445
"1110",0.6068,0.6991,0.8337,0.8514,0.65295,0.84255
"1111",0.623,0.3071,0.8359,0.0378,0.46505,0.43685
"1112",0.622,0.2896,0.8367,0.8503,0.4558,0.8435
"1113",0.6224,0.244,0.8389,0.0387,0.4332,0.4388
"1114",0.6156,0.9412,0.8396,0.8482,0.7784,0.8439
"1115",0.6181,0.8285,0.8418,0.0406,0.7233,0.4412
"1116",0.6305,0.1903,0.8426,0.8481,0.4104,0.84535
"1117",0.63,0.3316,0.8447,0.0456,0.4808,0.44515
"1118",0.6319,0.1712,0.8455,0.848,0.40155,0.84675
"1119",0.6326,0.1273,0.8477,0.0505,0.37995,0.4491
"1120",0.6211,0.9594,0.8484,0.8479,0.79025,0.84815
"1121",0.62,0.8767,0.8506,0.0564,0.74835,0.4535
"1122",0.6213,0.8622,0.8514,0.8519,0.74175,0.85165
"1123",0.6204,0.8488,0.8535,0.0603,0.7346,0.4569
"1124",0.6196,0.8076,0.8545,0.8705,0.7136,0.8625
"1125",0.6185,0.7933,0.8535,0.8618,0.7059,0.85765
"1126",0.6175,0.7767,0.8536,0.8558,0.6971,0.8547
"1127",0.6313,0.3659,0.8565,0.0632,0.4986,0.45985
"1128",0.6315,0.3519,0.8572,0.8788,0.4917,0.868
"1129",0.6337,0.2729,0.8594,0.0631,0.4533,0.46125
"1130",0.6328,0.2532,0.8601,0.8787,0.443,0.8694
"1131",0.6381,0.3102,0.8623,0.06,0.47415,0.46115
"1132",0.6371,0.2926,0.8631,0.8766,0.46485,0.86985
"1133",0.6296,0.9436,0.8653,0.0529,0.7866,0.4591
"1134",0.6356,0.9298,0.866,0.8715,0.7827,0.86875
"1135",0.6451,0.3351,0.866,0.8614,0.4901,0.8637
"1136",0.647,0.1729,0.8683,0.0448,0.40995,0.45655
"1137",0.6489,0.1288,0.8675,0.8554,0.38885,0.86145
"1138",0.6466,0.3555,0.8682,0.8694,0.50105,0.8688
"1139",0.6487,0.2765,0.8712,0.0387,0.4626,0.45495
"1140",0.6468,0.2579,0.8705,0.8543,0.45235,0.8624
"1141",0.6539,0.1178,0.8742,0.0366,0.38585,0.4554
"1142",0.6532,0.314,0.8734,0.8532,0.4836,0.8633
"1143",0.6521,0.2964,0.8749,0.8461,0.47425,0.8605
"1144",0.6445,0.9475,0.8771,0.0365,0.796,0.4568
"1145",0.6494,0.9313,0.8779,0.839,0.79035,0.85845
"1146",0.6602,0.3394,0.8779,0.833,0.4998,0.85545
"1147",0.6622,0.1743,0.88,0.0404,0.41825,0.4602
"1148",0.6623,0.1299,0.8808,0.8309,0.3961,0.85585
"1149",0.6638,0.281,0.8829,0.0514,0.4724,0.46715
"1150",0.6615,0.2649,0.8822,0.0444,0.4632,0.4633
"1151",0.6555,0.9181,0.8844,0.0593,0.7868,0.47185
"1152",0.6673,0.1216,0.8838,0.8288,0.39445,0.8563
"1153",0.6682,0.3187,0.8858,0.0673,0.49345,0.47655
"1154",0.6672,0.301,0.8875,0.075,0.4841,0.48125
"1155",0.6645,0.9359,0.8867,0.8227,0.8002,0.8547
"1156",0.6748,0.3383,0.8885,0.8139,0.50655,0.8512
"1157",0.6773,0.1756,0.8902,0.0792,0.42645,0.4847
"1158",0.6779,0.2827,0.8912,0.8085,0.4803,0.84985
"1159",0.6702,0.921,0.8931,0.0821,0.7956,0.4876
"1160",0.6713,0.9059,0.8941,0.8114,0.7886,0.85275
"1161",0.6827,0.1272,0.8961,0.083,0.40495,0.48955
"1162",0.6833,0.3242,0.897,0.8103,0.50375,0.85365
"1163",0.6823,0.3064,0.899,0.084,0.49435,0.4915
"1164",0.6924,0.1767,0.8993,0.8082,0.43455,0.85375
"1165",0.6929,0.2911,0.9,0.8012,0.492,0.8506
"1166",0.6845,0.9231,0.902,0.0859,0.8038,0.49395
"1167",0.6864,0.9089,0.9015,0.7951,0.79765,0.8483
"1168",0.6861,0.8944,0.903,0.788,0.79025,0.8455
"1169",0.6977,0.1327,0.9049,0.0858,0.4152,0.49535
"1170",0.6971,0.3278,0.9045,0.781,0.51245,0.84275
"1171",0.6973,0.3138,0.9078,0.0877,0.50555,0.49775
"1172",0.7075,0.1777,0.9074,0.7739,0.4426,0.84065
"1173",0.7079,0.2975,0.9108,0.0876,0.5027,0.4992
"1174",0.701,0.911,0.9104,0.7697,0.806,0.84005
"1175",0.7012,0.897,0.9106,0.6754,0.7991,0.793
"1176",0.7005,0.8813,0.9107,0.6674,0.7909,0.78905
"1177",0.7125,0.3256,0.9107,0.6604,0.51905,0.78555
"1178",0.7164,0.3056,0.9121,0.6844,0.511,0.79825
"1179",0.7172,0.1309,0.9122,0.6523,0.42405,0.78225
"1180",0.7115,0.8722,0.9137,0.0865,0.79185,0.5001
"1181",0.7226,0.1788,0.9133,0.7616,0.4507,0.83745
"1182",0.7163,0.8987,0.9138,0.6921,0.8075,0.80295
"1183",0.7169,0.8844,0.9137,0.6443,0.80065,0.779
"1184",0.7286,0.1414,0.9148,0.7516,0.435,0.8332
"1185",0.7272,0.3381,0.9151,0.6382,0.53265,0.77665
"1186",0.7285,0.3172,0.9167,0.0854,0.52285,0.50105
"1187",0.7242,0.3075,0.9163,0.7435,0.51585,0.8299
"1188",0.732,0.1273,0.9164,0.7033,0.42965,0.80985
"1189",0.7251,0.8662,0.9157,0.6974,0.79565,0.80655
"1190",0.7377,0.1799,0.9178,0.7334,0.4588,0.8256
"1191",0.7314,0.8536,0.9179,0.7254,0.7925,0.82165
"1192",0.731,0.8857,0.9179,0.7173,0.80835,0.8176
"1193",0.7401,0.3516,0.9172,0.7114,0.54585,0.8143
"1194",0.744,0.1392,0.9181,0.6341,0.4416,0.7761
"1195",0.7415,0.3282,0.9196,0.0843,0.53485,0.50195
"1196",0.7418,0.8678,0.9199,0.619,0.8048,0.76945
"1197",0.7529,0.181,0.9211,0.629,0.46695,0.77505
"1198",0.7444,0.8419,0.9211,0.6079,0.79315,0.7645
"1199",0.7518,0.3663,0.9225,0.0822,0.55905,0.50235
"1200",0.7545,0.3435,0.9241,0.6058,0.549,0.76495
"1201",0.7568,0.1374,0.9255,0.0791,0.4471,0.5023
"1202",0.7546,0.8559,0.927,0.6047,0.80525,0.76585
"1203",0.7633,0.38,0.9284,0.075,0.57165,0.5017
"1204",0.7575,0.8273,0.9299,0.6046,0.7924,0.76725
"1205",0.768,0.1822,0.9314,0.0719,0.4751,0.50165
"1206",0.7692,0.1266,0.9329,0.6045,0.4479,0.7687
"1207",0.766,0.3579,0.9343,0.0718,0.56195,0.50305
"1208",0.7738,0.3944,0.9358,0.6034,0.5841,0.7696
"1209",0.7677,0.8409,0.9373,0.0747,0.8043,0.506
"1210",0.7695,0.8131,0.9388,0.6013,0.7913,0.77005
"1211",0.7787,0.3712,0.9402,0.0776,0.57495,0.5089
"1212",0.7831,0.1833,0.9417,0.5992,0.4832,0.77045
"1213",0.784,0.1263,0.9431,0.0765,0.45515,0.5098
"1214",0.7831,0.4095,0.9446,0.0695,0.5963,0.50705
"1215",0.7778,0.7937,0.9447,0.5971,0.78575,0.7709
"1216",0.7798,0.826,0.945,0.4737,0.8029,0.70935
"1217",0.7896,0.3887,0.945,0.4667,0.58915,0.70585
"1218",0.7921,0.4251,0.9465,0.4586,0.6086,0.70255
"1219",0.7879,0.7791,0.9476,0.0664,0.7835,0.507
"1220",0.7866,0.3749,0.9476,0.596,0.58075,0.7718
"1221",0.7965,0.1847,0.9479,0.4787,0.4906,0.7133
"1222",0.8002,0.1296,0.9482,0.4509,0.4649,0.69955
"1223",0.7898,0.8106,0.9505,0.0673,0.8002,0.5089
"1224",0.7996,0.4045,0.9505,0.5959,0.60205,0.7732
"1225",0.7948,0.7953,0.9509,0.4796,0.79505,0.71525
"1226",0.8,0.4393,0.9509,0.4455,0.61965,0.6982
"1227",0.7974,0.765,0.9534,0.0732,0.7812,0.5133
"1228",0.8027,0.3991,0.9535,0.5958,0.6009,0.77465
"1229",0.8069,0.455,0.9538,0.4795,0.63095,0.71665
"1230",0.812,0.1441,0.9539,0.4393,0.47805,0.6966
"1231",0.8054,0.7824,0.9549,0.0882,0.7939,0.52155
"1232",0.8053,0.7494,0.9549,0.0812,0.77735,0.51805
"1233",0.814,0.1203,0.9554,0.4172,0.46715,0.6863
"1234",0.8111,0.4221,0.9547,0.4092,0.6166,0.68195
"1235",0.8022,0.7987,0.9555,0.3992,0.80045,0.67735
"1236",0.8089,0.7338,0.9555,0.3931,0.77135,0.6743
"1237",0.8136,0.4713,0.9564,0.5958,0.64245,0.7761
"1238",0.8177,0.1616,0.9567,0.4784,0.48965,0.71755
"1239",0.8076,0.407,0.9561,0.4333,0.6073,0.6947
"1240",0.8186,0.4387,0.9569,0.4262,0.62865,0.69155
"1241",0.8208,0.1021,0.9578,0.0921,0.46145,0.52495
"1242",0.8152,0.7658,0.9585,0.387,0.7905,0.67275
"1243",0.8193,0.4887,0.9594,0.5937,0.654,0.77655
"1244",0.8222,0.1806,0.9597,0.4773,0.5014,0.7185
"1245",0.8165,0.72,0.9603,0.3489,0.76825,0.6546
"1246",0.8244,0.4541,0.9607,0.092,0.63925,0.52635
"1247",0.8227,0.1422,0.9614,0.3809,0.48245,0.67115
"1248",0.826,0.0824,0.9618,0.3381,0.4542,0.64995
"1249",0.8124,0.782,0.9623,0.5905,0.7972,0.7764
"1250",0.8237,0.504,0.9627,0.5454,0.66385,0.75405
"1251",0.8211,0.7019,0.9625,0.5354,0.7615,0.74895
"1252",0.8224,0.7502,0.9617,0.5314,0.7863,0.74655
"1253",0.8308,0.0645,0.9626,0.4772,0.44765,0.7199
"1254",0.8294,0.1936,0.9629,0.3759,0.5115,0.6694
"1255",0.8281,0.5205,0.9629,0.3588,0.6743,0.66085
"1256",0.8335,0.1574,0.9637,0.0899,0.49545,0.5268
"1257",0.8264,0.6868,0.964,0.5233,0.7566,0.74365
"1258",0.8354,0.0476,0.9632,0.5193,0.4415,0.74125
"1259",0.8316,0.4705,0.9646,0.3688,0.65105,0.6667
"1260",0.8289,0.6721,0.9645,0.3307,0.7505,0.6476
"1261",0.8306,0.5374,0.9653,0.5874,0.684,0.77635
"1262",0.828,0.4449,0.9654,0.5543,0.63645,0.75985
"1263",0.8376,0.0299,0.9655,0.5112,0.43375,0.73835
"1264",0.8208,0.7658,0.9647,0.5072,0.7933,0.73595
"1265",0.8289,0.7356,0.9656,0.4781,0.78225,0.72185
"1266",0.8323,0.7176,0.966,0.3236,0.77495,0.6448
"1267",0.8321,0.6531,0.9666,0.0818,0.7426,0.5242
"1268",0.8336,0.5566,0.9659,0.0778,0.6951,0.52185
"1269",0.842,0.0125,0.9669,0.0604,0.42725,0.51365
"1270",0.8349,0.6317,0.966,0.0517,0.7333,0.50885
"1271",0.8356,0.5788,0.9667,0.0447,0.7072,0.5057
"1272",0.8302,0.4527,0.967,0.4991,0.64145,0.73305
"1273",0.8362,0.6114,0.967,0.4911,0.7238,0.72905
"1274",0.8362,0.5958,0.967,0.4841,0.716,0.72555
"1275",0.8384,0.5007,0.9675,0.3165,0.66955,0.642
"1276",0.8395,0.4842,0.9675,0.3085,0.66185,0.638
"1277",0.8421,0.2079,0.9675,0.3005,0.525,0.634
"1278",0.8442,-0.0022,0.9675,0.2935,0.421,0.6305
"1279",0.8397,0.702,0.9677,0.2212,0.77085,0.59445
"1280",0.8433,0.5206,0.967,0.2122,0.68195,0.5896
"1281",0.8439,0.1663,0.9678,0.2052,0.5051,0.5865
"1282",0.8392,0.4724,0.9674,0.0718,0.6558,0.5196
"1283",0.8431,0.6783,0.9682,0.5823,0.7607,0.77525
"1284",0.8459,0.54,0.9683,0.5542,0.69295,0.76125
"1285",0.84,0.7227,0.9692,0.2292,0.78135,0.5992
"1286",0.8476,0.6552,0.9697,0.0406,0.7514,0.50515
"1287",0.8495,0.5601,0.9705,0.2924,0.7048,0.63145
"1288",0.8547,0.1821,0.9706,0.2372,0.5184,0.6039
"1289",0.85,0.633,0.9707,0.2001,0.7415,0.5854
"1290",0.8504,0.5811,0.9712,0.5772,0.71575,0.7742
"1291",0.851,0.6138,0.9712,0.5491,0.7324,0.76015
"1292",0.8515,0.5992,0.9721,0.2522,0.72535,0.61215
"1293",0.8486,0.5036,0.9721,0.2452,0.6761,0.60865
"1294",0.8566,0.2082,0.9726,0.0365,0.5324,0.50455
"1295",0.848,0.6987,0.9734,0.2903,0.77335,0.63185
"1296",0.8533,0.5244,0.9734,0.2822,0.68885,0.6278
"1297",0.8608,0.1988,0.9735,0.2742,0.5298,0.62385
"1298",0.8523,0.6824,0.9727,0.2682,0.76735,0.62045
"1299",0.854,0.6702,0.9728,0.2602,0.7621,0.6165
"1300",0.8558,0.5395,0.9737,0.197,0.69765,0.58535
"1301",0.8569,0.653,0.9741,0.5711,0.75495,0.7726
"1302",0.8593,0.5606,0.9742,0.543,0.70995,0.7586
"1303",0.8597,0.6305,0.9756,0.0344,0.7451,0.505
"1304",0.8609,0.5905,0.9759,0.1959,0.7257,0.5859
"1305",0.8586,0.575,0.9766,0.1878,0.7168,0.5822
"1306",0.861,0.6108,0.9771,0.563,0.7359,0.77005
"1307",0.8504,0.5811,0.9772,0.5389,0.71575,0.75805
"1308",0.851,0.6138,0.9785,0.0343,0.7324,0.5064
"1309",0.8515,0.5992,0.9796,0.1867,0.72535,0.58315
"1310",0.8486,0.5036,0.98,0.5549,0.6761,0.76745
"1311",0.8566,0.2082,0.9801,0.5368,0.5324,0.75845
"1312",0.848,0.6987,0.9817,0.0512,0.77335,0.51645
"1313",0.8533,0.5244,0.9814,0.0422,0.68885,0.5118
"1314",0.8608,0.1988,0.9807,0.0352,0.5298,0.50795
"1315",0.8523,0.6824,0.9818,0.5448,0.76735,0.7633
"1316",0.854,0.6702,0.9825,0.1836,0.7621,0.58305
"1317",0.8558,0.5395,0.9823,0.5347,0.69765,0.7585
"1318",0.8569,0.653,0.9843,0.0592,0.75495,0.52175
"1319",0.8593,0.5606,0.9855,0.1795,0.70995,0.5825
"1320",0.8597,0.6305,0.987,0.1715,0.7451,0.57925
"1321",0.8609,0.5905,0.9871,0.1343,0.7257,0.5607
"1322",0.8586,0.575,0.9873,0.0651,0.7168,0.5262
"1323",0.861,0.6108,0.9885,0.1644,0.7359,0.57645
"1324",0.8504,0.5811,0.9885,0.1443,0.71575,0.5664
"1325",0.851,0.6138,0.9886,0.1253,0.7324,0.55695
"1326",0.8515,0.5992,0.9886,0.1192,0.72535,0.5539
"1327",0.8486,0.5036,0.99,0.1523,0.6761,0.57115
"1328",0.8566,0.2082,0.9902,0.0781,0.5324,0.53415
"1329",0.848,0.6987,0.9895,0.0711,0.77335,0.5303
"1330",0.8533,0.5244,0.9907,0.1593,0.68885,0.575
"1331",0.8608,0.1988,0.9915,0.1171,0.5298,0.5543
"1332",0.8523,0.6824,0.9931,0.078,0.76735,0.53555
"1333",0.854,0.6702,0.9945,0.113,0.7621,0.55375
"1334",0.8558,0.5395,0.996,0.0799,0.69765,0.53795
"1335",0.8569,0.653,0.9974,0.1049,0.75495,0.55115
"1336",0.8593,0.5606,0.9989,0.0979,0.70995,0.5484
"1337",0.8597,0.6305,0.999,0.0838,0.7451,0.5414
"1338",0.8609,0.5905,0.9997,0.0908,0.7257,0.54525
